-- phpMyAdmin SQL Dump
-- version 3.3.9
-- http://www.phpmyadmin.net
--
-- Host: localhost
-- Generation Time: Feb 12, 2012 at 06:56 AM
-- Server version: 5.5.8
-- PHP Version: 5.3.5

SET SQL_MODE="NO_AUTO_VALUE_ON_ZERO";


/*!40101 SET @OLD_CHARACTER_SET_CLIENT=@@CHARACTER_SET_CLIENT */;
/*!40101 SET @OLD_CHARACTER_SET_RESULTS=@@CHARACTER_SET_RESULTS */;
/*!40101 SET @OLD_COLLATION_CONNECTION=@@COLLATION_CONNECTION */;
/*!40101 SET NAMES utf8 */;

--
-- Database: `apprentice_cms`
--

-- --------------------------------------------------------

--
-- Table structure for table `admin_module`
--

CREATE TABLE IF NOT EXISTS `admin_module` (
  `module_id` int(10) unsigned NOT NULL AUTO_INCREMENT,
  `name` varchar(100) NOT NULL,
  `description` text NOT NULL,
  `thumbnail` text,
  `author` varchar(255) DEFAULT NULL,
  `email` varchar(100) DEFAULT NULL,
  `version` varchar(20) DEFAULT NULL,
  `license` text,
  PRIMARY KEY (`module_id`)
) ENGINE=InnoDB  DEFAULT CHARSET=utf8 AUTO_INCREMENT=29 ;

--
-- Dumping data for table `admin_module`
--

INSERT INTO `admin_module` (`module_id`, `name`, `description`, `thumbnail`, `author`, `email`, `version`, `license`) VALUES
(1, 'admin', 'Admin Module. A core module is installed first when setup CMS.', NULL, 'Apprentice CMS Team', 'Nixforest21991920@gmail.com', '1.0.0', 'free'),
(2, 'modulemanager', 'Manager Modules', NULL, 'Apprentice CMS Team', 'Nixforest21991920@gmail.com', '1.0.0', 'free'),
(3, 'default', 'Default Module', NULL, 'Apprentice CMS Team', 'Nixforest21991920@gmail.com', '1.0.0', 'free'),
(10, 'news', 'Core module. This module will be installed at the first time you install website', '', 'Apprentice CMS Team', 'apprenticePM@gmail.com', '1.0.0', 'free'),
(21, 'page', 'Core module. This module will be installed at the first time you install website', '', 'Apprentice CMS Team', 'apprenticePM@gmail.com', '1.0.0', 'free'),
(24, 'category', 'This module is used to manage the category', '', 'buingochuy', 'huyuit@gmail.com', '1.0.0', 'free'),
(27, 'comment', 'This module is used to post a comment for a news', '', 'buingochuy', 'huyuit@gmail.com', '1.0.0', 'free'),
(28, 'menu', 'This module is used to manage the category', '', 'nguyenngocdai', 'greatepearl90@gmail.com', '1.0.0', 'free');

-- --------------------------------------------------------

--
-- Table structure for table `admin_role`
--

CREATE TABLE IF NOT EXISTS `admin_role` (
  `role_id` int(50) unsigned NOT NULL AUTO_INCREMENT,
  `name` varchar(200) NOT NULL,
  `description` varchar(255) NOT NULL,
  `locked` tinyint(4) NOT NULL,
  PRIMARY KEY (`role_id`),
  UNIQUE KEY `role_id` (`role_id`)
) ENGINE=InnoDB  DEFAULT CHARSET=utf8 AUTO_INCREMENT=25 ;

--
-- Dumping data for table `admin_role`
--

INSERT INTO `admin_role` (`role_id`, `name`, `description`, `locked`) VALUES
(22, 'client', 'Client', 0),
(24, 'admin', 'Admin', 0);

-- --------------------------------------------------------

--
-- Table structure for table `category`
--

CREATE TABLE IF NOT EXISTS `category` (
  `category_id` smallint(6) unsigned NOT NULL AUTO_INCREMENT,
  `name` varchar(255) CHARACTER SET utf8 NOT NULL,
  `slug` varchar(100) CHARACTER SET utf8 NOT NULL,
  `left_id` int(11) NOT NULL,
  `right_id` int(11) NOT NULL,
  `parent_id` int(11) NOT NULL DEFAULT '0',
  `is_active` tinyint(4) DEFAULT '1',
  `created_date` datetime DEFAULT NULL,
  `modified_date` datetime DEFAULT NULL,
  `user_id` int(11) DEFAULT NULL,
  `num_views` int(11) DEFAULT NULL,
  PRIMARY KEY (`category_id`)
) ENGINE=InnoDB  DEFAULT CHARSET=latin1 AUTO_INCREMENT=8 ;

--
-- Dumping data for table `category`
--

INSERT INTO `category` (`category_id`, `name`, `slug`, `left_id`, `right_id`, `parent_id`, `is_active`, `created_date`, `modified_date`, `user_id`, `num_views`) VALUES
(1, 'Địa điểm', 'destinations', 1, 8, 0, 1, '2010-08-31 10:19:41', NULL, 1, NULL),
(2, 'Ẩm thực', 'cuisine', 9, 16, 0, 1, '2010-08-31 10:20:00', NULL, 1, NULL),
(3, 'Kỳ nghỉ', 'holiday', 17, 24, 0, 1, '2010-08-31 10:20:07', NULL, 1, NULL),
(4, 'Hà Nội', 'hanoi', 2, 3, 1, 1, '2010-08-31 10:20:27', NULL, 1, NULL),
(5, 'Huế', 'hue', 4, 5, 1, 1, '2010-08-31 10:20:38', NULL, 1, NULL),
(6, 'Thành phố Hồ Chí Minh', 'ho-chi-minh-city', 6, 7, 1, 1, '2010-08-31 10:20:48', NULL, 1, NULL),
(7, 'Truyền thống Việt Nam', 'pho', 10, 11, 2, 1, '2010-08-31 10:21:05', NULL, 1, NULL);

-- --------------------------------------------------------

--
-- Table structure for table `comment`
--

CREATE TABLE IF NOT EXISTS `comment` (
  `comment_id` int(10) unsigned NOT NULL AUTO_INCREMENT,
  `title` varchar(255) CHARACTER SET utf8 NOT NULL,
  `content` text CHARACTER SET utf8 NOT NULL,
  `full_name` varchar(255) CHARACTER SET utf8 DEFAULT NULL,
  `email` varchar(100) CHARACTER SET utf8 NOT NULL,
  `user_id` int(11) DEFAULT NULL,
  `user_name` varchar(100) CHARACTER SET utf8 DEFAULT NULL,
  `news_id` int(11) NOT NULL,
  `created_date` datetime NOT NULL,
  `is_active` tinyint(4) NOT NULL,
  `activate_date` datetime DEFAULT NULL,
  `ordering` int(11) DEFAULT '0',
  `depth` int(11) DEFAULT '0',
  `reply_to` int(11) DEFAULT '0',
  PRIMARY KEY (`comment_id`),
  KEY `idx_lastest` (`news_id`,`is_active`,`ordering`)
) ENGINE=InnoDB  DEFAULT CHARSET=latin1 AUTO_INCREMENT=31 ;

--
-- Dumping data for table `comment`
--

INSERT INTO `comment` (`comment_id`, `title`, `content`, `full_name`, `email`, `user_id`, `user_name`, `news_id`, `created_date`, `is_active`, `activate_date`, `ordering`, `depth`, `reply_to`) VALUES
(1, 'Hello', 'Chao ca nha nhe. Lam quen di.', 'bui ngoc huy', 'huylamtheo@yahoo.com', NULL, NULL, 1, '2011-10-31 22:17:37', 0, NULL, 1, 0, 0),
(2, 'Hi', 'Welcome to Apprentice_CMS.', 'bui ngoc huy', 'huyuit@gmail.com', NULL, NULL, 1, '2011-11-01 20:08:41', 0, NULL, 2, 0, 0),
(3, 'ádfasf', 'asdfsaaaa bndgfgfdg', 'cádf', 'dsaf', NULL, NULL, 31, '2012-01-12 03:39:48', 1, '2012-01-12 03:39:48', 0, 0, 0),
(4, 'Bình luận mẫu', 'lksjfdlsjfklsjfkldsjfklsdjf', 'Nguyen', 'Nixforest21991920@gmail.com', NULL, NULL, 31, '2012-02-07 03:57:53', 1, '2012-02-07 03:57:53', 0, 0, 0),
(5, 'Test Comment', 'Thử xem comment có hoạt động không?', 'Nguyen', 'Nixforest21991920@gmail.com', NULL, NULL, 30, '2012-02-07 04:09:47', 1, '2012-02-07 04:09:47', 0, 0, 0),
(6, 'Binh luan hay', 'ABC XYZ', 'Nhan', 'thanhnhan_uit@yahoo.com.vn', NULL, NULL, 30, '2012-02-07 04:43:21', 1, '2012-02-07 04:43:21', 0, 0, 0),
(7, 'Đắt', 'Đắt thế này chắc nhà nước phải phụ cấp cho mọi người hết thôi!', 'Nguyen', 'Nixforest21991920@gmail.com', NULL, NULL, 28, '2012-02-07 14:47:32', 1, '2012-02-07 14:47:32', 0, 0, 0),
(8, 'Dep', 'Dep qua troi luon!!!', 'Nguyen', 'Nixforest21991920@gmail.com', NULL, NULL, 26, '2012-02-09 04:24:38', 1, '2012-02-09 04:24:38', 0, 0, 0),
(9, 'Chiến tranh sẽ tiếp diễn?', 'Chiến tranh sẽ tiếp diễn trên thế giới chăng!!!!???', 'Nix', 'Nixforest21991920@gmail.com', NULL, NULL, 24, '2012-02-09 04:26:41', 1, '2012-02-09 04:26:41', 0, 0, 0),
(10, 'Tởm', 'Thằng này ghê thiệt', 'AB', 'AB@gmail.com', NULL, NULL, 27, '2012-02-09 04:27:18', 1, '2012-02-09 04:27:18', 0, 0, 0),
(11, 'sdf', 'sdf', 'fsdf', 'sdf', NULL, NULL, 26, '2012-02-09 05:18:48', 1, '2012-02-09 05:18:48', 0, 0, 0),
(12, 'a', 'aaaaaaaaaaaaaaa', 'Nguyen', 'Nixforest21991920@gmail.com', NULL, NULL, 21, '2012-02-09 07:07:34', 1, '2012-02-09 07:07:34', 0, 0, 0),
(13, 'dfgdfg', 'gfdgdfgd', 'Nguyen', 'Nixforest21991920@gmail.com', NULL, NULL, 32, '2012-02-09 10:05:11', 1, '2012-02-09 10:05:11', 0, 0, 0),
(14, 'ghjhj', 'kjhkhj', 'fhugfu', 'gujgyh', NULL, NULL, 42, '2012-02-10 03:27:49', 1, '2012-02-10 03:27:49', 0, 0, 0),
(21, '', '       sdsds', '', 'Nixforest21991920@gmail.com', NULL, NULL, 47, '2012-02-10 04:39:57', 1, '2012-02-10 04:39:57', 0, 0, 0),
(22, 'Nhận xét', 'Đất tăng giá, cái gì cũng tăng giá!!!', 'Nixforest', 'Nixforest21991920@gmail.com', NULL, NULL, 28, '2012-02-10 09:22:15', 1, '2012-02-10 09:22:15', 0, 0, 0),
(25, 'hello baby', ' coming soon', 'trieu', 'trieu@gmail.com', NULL, NULL, 25, '2012-02-10 09:41:23', 1, '2012-02-10 09:41:23', 0, 0, 0),
(26, 'aaaaaaaaa', 'sdfsfsdfsdfsdfds', 'dsf', 'nhan@nhan.com', NULL, NULL, 30, '2012-02-11 04:38:04', 1, '2012-02-11 04:38:04', 0, 0, 0),
(27, 'Test Captcha Code', 'Finish Captcha Code!', 'Nhân', 'thanhnhan_uit@yahoo.com.vn', NULL, NULL, 47, '2012-02-11 17:48:31', 1, '2012-02-11 17:48:31', 0, 0, 0),
(28, 'Finish', 'Finish!', 'Nguy?n Thành Nhân', 'thanhnhan_uit@yahoo.com.vn', NULL, NULL, 47, '2012-02-11 17:59:00', 1, '2012-02-11 17:59:00', 0, 0, 0),
(29, 'Windows 8', 'Hello Windows 8!', 'Nguy?n Thành Nhân', 'thanhnhan_uit@yahoo.com.vn', NULL, NULL, 44, '2012-02-12 04:05:02', 1, '2012-02-12 04:05:02', 0, 0, 0),
(30, 'Quái v?t', 'X?o quá!', 'Nguy?n Thành Nhân', 'thanhnhan_uit@yahoo.com.vn', NULL, NULL, 43, '2012-02-12 05:37:37', 1, '2012-02-12 05:37:37', 0, 0, 0);

-- --------------------------------------------------------

--
-- Table structure for table `core_user`
--

CREATE TABLE IF NOT EXISTS `core_user` (
  `user_id` int(10) unsigned NOT NULL AUTO_INCREMENT,
  `role_id` tinyint(4) NOT NULL,
  `user_name` varchar(100) NOT NULL,
  `password` varchar(50) NOT NULL,
  `full_name` varchar(100) NOT NULL,
  `email` varchar(255) NOT NULL,
  `is_active` tinyint(4) NOT NULL DEFAULT '0',
  `created_date` datetime DEFAULT NULL,
  `logged_in_date` datetime DEFAULT NULL,
  `is_online` tinyint(4) DEFAULT '0',
  PRIMARY KEY (`user_id`)
) ENGINE=InnoDB  DEFAULT CHARSET=utf8 AUTO_INCREMENT=92 ;

--
-- Dumping data for table `core_user`
--

INSERT INTO `core_user` (`user_id`, `role_id`, `user_name`, `password`, `full_name`, `email`, `is_active`, `created_date`, `logged_in_date`, `is_online`) VALUES
(90, 22, 'nam', '202cb962ac59075b964b07152d234b70', 'nam', 'qcong@gmail.com', 0, NULL, NULL, 0),
(91, 24, 'cong', '3de6a8f9608ddd4ba89f97b36d7587d6', 'cong', 'qcong@gmail.com', 0, NULL, NULL, 0);

-- --------------------------------------------------------

--
-- Table structure for table `editor`
--

CREATE TABLE IF NOT EXISTS `editor` (
  `id` int(11) NOT NULL AUTO_INCREMENT,
  `tag` varchar(30) NOT NULL,
  `content` varchar(5000) NOT NULL,
  `top` varchar(100) NOT NULL,
  `left` varchar(100) NOT NULL,
  `width` varchar(100) NOT NULL,
  `height` varchar(100) NOT NULL,
  `path` varchar(200) NOT NULL,
  PRIMARY KEY (`id`)
) ENGINE=InnoDB  DEFAULT CHARSET=latin1 AUTO_INCREMENT=107 ;

--
-- Dumping data for table `editor`
--

INSERT INTO `editor` (`id`, `tag`, `content`, `top`, `left`, `width`, `height`, `path`) VALUES
(102, 'img', '', '56px', '410px', '200', '200', '/MyDemo2/public/image/Capture.PNG'),
(105, 'div', 'Please Click to Drag, Resize, Double click to insert text and save!', '170px', '10px', '200px', '70px', ''),
(106, 'img', '', '306px', '554px', '800', '800', '/MyDemo2/public/image/KitLove.jpg');

-- --------------------------------------------------------

--
-- Table structure for table `menu`
--

CREATE TABLE IF NOT EXISTS `menu` (
  `menu_id` int(11) NOT NULL AUTO_INCREMENT,
  `name` varchar(255) DEFAULT NULL,
  `description` text,
  `user_id` int(11) DEFAULT NULL,
  `user_name` varchar(255) DEFAULT NULL,
  `created_date` datetime DEFAULT NULL,
  `language` varchar(10) DEFAULT NULL,
  PRIMARY KEY (`menu_id`),
  KEY `idx_language` (`language`)
) ENGINE=InnoDB DEFAULT CHARSET=utf8 AUTO_INCREMENT=1 ;

--
-- Dumping data for table `menu`
--


-- --------------------------------------------------------

--
-- Table structure for table `menu_item`
--

CREATE TABLE IF NOT EXISTS `menu_item` (
  `menu_item_id` int(10) unsigned NOT NULL AUTO_INCREMENT,
  `item_id` int(10) DEFAULT NULL,
  `menu_id` int(11) DEFAULT NULL,
  `label` varchar(200) DEFAULT NULL,
  `link` text,
  `left_id` int(11) DEFAULT NULL,
  `right_id` int(11) DEFAULT NULL,
  `parent_id` int(11) DEFAULT NULL,
  PRIMARY KEY (`menu_item_id`)
) ENGINE=InnoDB DEFAULT CHARSET=utf8 AUTO_INCREMENT=1 ;

--
-- Dumping data for table `menu_item`
--


-- --------------------------------------------------------

--
-- Table structure for table `modulemanager`
--

CREATE TABLE IF NOT EXISTS `modulemanager` (
  `module_id` int(11) NOT NULL AUTO_INCREMENT,
  `name` varchar(50) NOT NULL,
  `description` varchar(500) NOT NULL,
  `thumbnail` text NOT NULL,
  `author` varchar(50) NOT NULL,
  `email` varchar(50) NOT NULL,
  `version` varchar(10) NOT NULL,
  `license` varchar(10) NOT NULL,
  PRIMARY KEY (`module_id`)
) ENGINE=InnoDB  DEFAULT CHARSET=utf8 AUTO_INCREMENT=5 ;

--
-- Dumping data for table `modulemanager`
--

INSERT INTO `modulemanager` (`module_id`, `name`, `description`, `thumbnail`, `author`, `email`, `version`, `license`) VALUES
(1, 'modulemanager', 'Manager Modules', '', 'Nixforest', 'Nixforest21991920@gmail.com', '1.0.0', 'free'),
(2, 'default', 'Default module', '', 'Nixforest', 'Nixforest21991920@gmail.com', '1.0.0', 'free'),
(4, 'contact', 'Contact module.', '', 'Nixforest', 'Nixforest21991920@gmail.com', '1.0.0', 'free');

-- --------------------------------------------------------

--
-- Table structure for table `news_article`
--

CREATE TABLE IF NOT EXISTS `news_article` (
  `article_id` int(11) NOT NULL AUTO_INCREMENT,
  `category_id` smallint(6) DEFAULT NULL,
  `title` varchar(255) DEFAULT NULL,
  `description` text,
  `content` mediumtext,
  `author` varchar(255) DEFAULT NULL,
  `image` varchar(255) DEFAULT NULL,
  `status` enum('deleted','draft','inactive','active') DEFAULT 'inactive',
  `num_views` int(11) DEFAULT '0',
  `created_date` datetime DEFAULT NULL,
  `created_user_id` int(11) DEFAULT NULL,
  `created_user_name` varchar(255) DEFAULT NULL,
  `updated_date` datetime DEFAULT NULL,
  `updated_user_id` int(11) DEFAULT NULL,
  `updated_user_name` varchar(255) DEFAULT NULL,
  `activate_user_id` int(11) DEFAULT NULL,
  `activate_user_name` varchar(50) DEFAULT NULL,
  `activate_date` datetime DEFAULT NULL,
  `allow_comment` tinyint(4) DEFAULT NULL,
  `num_comments` int(11) DEFAULT '0',
  `is_hot` tinyint(4) DEFAULT '0',
  `ordering` int(11) DEFAULT '0',
  `language` varchar(10) DEFAULT NULL,
  PRIMARY KEY (`article_id`),
  KEY `idx_latest` (`status`,`activate_date`),
  KEY `idx_latest_category` (`category_id`,`status`,`activate_date`),
  KEY `idx_most_commented` (`category_id`,`status`,`num_comments`),
  KEY `idx_most_viewed` (`category_id`,`status`,`num_views`),
  KEY `idx_most_viewed_2` (`status`,`num_views`),
  KEY `idx_created_user` (`created_user_id`,`article_id`),
  KEY `idx_language` (`language`)
) ENGINE=InnoDB  DEFAULT CHARSET=utf8 AUTO_INCREMENT=48 ;

--
-- Dumping data for table `news_article`
--

INSERT INTO `news_article` (`article_id`, `category_id`, `title`, `description`, `content`, `author`, `image`, `status`, `num_views`, `created_date`, `created_user_id`, `created_user_name`, `updated_date`, `updated_user_id`, `updated_user_name`, `activate_user_id`, `activate_user_name`, `activate_date`, `allow_comment`, `num_comments`, `is_hot`, `ordering`, `language`) VALUES
(3, 1, 'Title 3', 'Description 4', 'Content 1', 'Author 1', 'tumblr_lahvgoyTpe1qbd81ro1_500.jpg', 'active', 1, '2010-08-31 15:43:45', 1, 'admin', '2010-08-31 15:43:45', 1, 'admin', 1, 'admin', '2010-08-31 15:43:45', 0, 0, 0, 0, 'vi-VN'),
(4, 2, 'Title 4', 'Description 4', 'Content 1', 'Author 1', 'no image', 'active', 0, '2010-08-31 15:43:45', 1, 'admin', '2010-08-31 15:43:45', 1, 'admin', 1, 'admin', '2010-08-31 15:43:45', NULL, 0, NULL, 0, 'vi-VN'),
(5, 3, 'Tin tức tổng hợp 2', 'fsdfsdf', '<img src="image/smile/4.gif">', '', NULL, 'active', 0, NULL, NULL, NULL, NULL, NULL, NULL, NULL, NULL, NULL, NULL, 0, NULL, 0, NULL),
(6, 3, 'Tin tức tổng hợp', 'ádfsadfsadf', '', 'nixforest', NULL, 'active', 0, '2011-11-10 18:05:41', NULL, NULL, NULL, NULL, NULL, NULL, NULL, NULL, 1, 0, 1, 0, NULL),
(7, 4, 'Chuẩn bị chi phí cho Điện toán đám mây', 'aefewafwe', '', 'aaaa', NULL, 'active', 4, '2012-01-05 04:16:08', NULL, NULL, NULL, NULL, NULL, NULL, NULL, NULL, NULL, 0, NULL, 0, NULL),
(8, 1, '5 ngày lênh đênh trên biển khi Vinalines Queen chìm  ', 'Nhân chứng duy nhất Vinalines Queen cho hay, tàu chìm rất nhanh, anh bị cuốn theo và sau một hơi lặn dài, khi ngoi lên thì bám được vào phao bè. Do sóng to gió lớn nên anh Hùng không rõ 22 thuyền viên khác ra sao.', '', 'vnexpress', 'b.jpg', 'active', 13, '2012-01-05 04:33:15', NULL, NULL, '2012-01-05 04:33:15', NULL, NULL, NULL, NULL, NULL, NULL, 0, NULL, 0, NULL),
(9, 5, NULL, NULL, NULL, NULL, 'tumblr_lahvgoyTpe1qbd81ro1_500.jpg', 'active', 0, NULL, NULL, NULL, NULL, NULL, NULL, NULL, NULL, NULL, NULL, 0, 0, 0, NULL),
(16, 6, '4 cảnh sát bị bắn trọng thương khi tham gia cưỡng chế  ', 'Dù vài trăm cảnh sát bao vây, thuyết phục Vươn bỏ vũ khí, chấp hành việc cưỡng chế nhưng ông này cùng người thân vẫn cố thủ trong nhà, nổ súng hoa cải làm 4 cảnh sát và 2 cán bộ huyện đội bị trọng thương.\r\n', '<p class="Normal" style="font-size: 16px; background-color: rgb(244, 245, 246); ">Sáng 5/1, đoàn công tác của UBND huyện Tiên Lãng, Hải Phòng gồm hơn 100 cảnh sát, quân đội và bộ đội biên phòng... tổ chức cưỡng chế thu hồi hơn 50ha đầm nuôi thủy sản, trồng cây ăn quả tại vùng bãi bồi ven của gia đình Đào Văn Vươn (52 tuổi, xã Vinh Quang). Nhà chức trách xác định, ông Vươn đấu thầu khu vực này nhiều năm hiện đã hết hạn và không chịu đóng thuế trong thời gian dài.</p><table cellspacing="0" cellpadding="3" width="1" align="center" border="0" style="color: rgb(0, 0, 0); font-size: 16px; background-color: rgb(244, 245, 246); "><tbody><tr><td><img src="http://vnexpress.net/Files/Subject/3b/bd/10/b8/hai-4.jpg" width="490" height="308" alt="Lực lượng chức năng tiếp cận ngôi nhà."></td></tr><tr><td class="Image" style="font-family: Arial; font-size: 8.5pt; ">Lực lượng chức năng tiếp cận ngôi nhà.</td></tr></tbody></table><p class="Normal" style="font-size: 16px; background-color: rgb(244, 245, 246); ">Khi một tổ công tác tiếp cận ngôi nhà thì một quả mìn tự chế Vươn gài trong vườn phát nổ khiến 2 cảnh sát huyện Tiên Lãng bị hất văng, bất tỉnh.</p><p class="Normal" style="font-size: 16px; background-color: rgb(244, 245, 246); ">Trước sự việc trên, thượng tá Phạm Văn Mải (Trưởng công an huyện Tiên Lãng) dẫn đầu tổ công tác khác tiếp cận lại ngôi nhà và kêu gọi Vươn tự nguyện giao nộp vũ khí, chấp hành lệnh cưỡng chế. Bất ngờ từ bên trong, ông Vươn cùng người nhà liên tiếp bắn súng đạn hoa cải khiến đại úy Vũ Anh Tuấn (33 tuổi, quyền đội trưởng cảnh sát điều tra tội phạm về ma túy Công an huyện Tiên Lãng) bị nhiều vết thương vùng cổ và ngực; thượng tá Mải bị thương vùng lưng, chân; thượng sĩ Đỗ Xuân Trường (đội cảnh sát điều tra tội phạm về ma túy) bị vỡ nhãn cầu trái; trung sĩ Nguyễn Văn Phong (đội cảnh sát điều tra tội phạm về ma túy) cùng 2 cán bộ huyện đội Tiên Lãng bị nhiều vết thương ở vùng mặt.</p><table cellspacing="0" cellpadding="3" width="1" align="center" border="0" style="color: rgb(0, 0, 0); font-size: 16px; background-color: rgb(244, 245, 246); "><tbody><tr><td><img src="http://vnexpress.net/Files/Subject/3b/bd/10/b8/hai.jpg" width="490" height="327" alt="Một cán bộ bị thương được đưa ra xe cấp cứu."></td></tr><tr><td class="Image" style="font-family: Arial; font-size: 8.5pt; ">Một cán bộ bị thương được đưa ra xe cấp cứu.</td></tr></tbody></table><p class="Normal" style="font-size: 16px; background-color: rgb(244, 245, 246); ">Theo lệnh của Giám đốc Công an Hải Phòng Đỗ Hữu Ca, hàng trăm cảnh sát phối hợp với các lực lượng được huy động đến giải quyết. Dù lực lượng chức năng thuyết phục, vận động, ông Vươn và một số người thân vẫn cố thủ trong nhà.</p><p class="Normal" style="font-size: 16px; background-color: rgb(244, 245, 246); ">Đến 12h trưa, sau nhiều tiếng các lực lượng mới tiếp cận được ngôi nhà. Lúc này, ông Vươn cùng người thân đã kịp bỏ trốn.</p><p class="Normal" style="font-size: 16px; background-color: rgb(244, 245, 246); ">Hiện 6 cán bộ bị thương đang được cấp cứu tại Bệnh viện Việt Tiệp Hải Phòng, Bệnh viện Việt Đức (Hà Nội) và Viện Mắt trung ương.</p><p class="Normal" style="font-size: 16px; background-color: rgb(244, 245, 246); ">Công an đang truy bắt Vươn và những người liên quan.</p><p class="Normal" align="right" style="font-size: 16px; background-color: rgb(244, 245, 246); "><strong>Hải Hưng</strong></p>', 'vnexpress', NULL, 'active', 1, '2012-01-06 03:53:25', NULL, NULL, '2012-01-06 03:53:25', NULL, NULL, NULL, NULL, NULL, 1, 0, 1, 0, NULL),
(17, 7, 'Miền Bắc đang rét nhất từ đầu mùa đông  ', 'Nhiệt độ liên tục xuống thấp trong nhiều ngày qua đã khiến miền Bắc đang trải qua những ngày rét nhất từ đầu đông. Nhiều khuyến cáo việc giữ ấm, giữ vệ sinh đặc biệt đối với trẻ nhỏ và người già được đưa ra.\r\n', '<p class="Normal" style="font-size: 16px; background-color: rgb(244, 245, 246); ">Sáng nay, ngoài đỉnh Mẫu Sơn rét âm 2 độ C, hàng loạt vùng núi cao có nhiệt độ dưới 5 độ C. Trong khi đó, vùng đồng bằng chỉ xấp xỉ 7-8 độ C, các tỉnh Bắc Trung Bộ cũng xuống mức 10 độ C.</p><table cellspacing="0" cellpadding="3" width="1" align="center" border="0" style="color: rgb(0, 0, 0); font-size: 16px; background-color: rgb(244, 245, 246); "><tbody><tr><td><img src="http://vnexpress.net/Files/Subject/3b/bd/10/bb/b.jpg" width="450" height="299" alt="Ảnh: Hoàng Hà."></td></tr><tr><td class="Image" style="font-family: Arial; font-size: 8.5pt; ">Băng giá ở Mẫu Sơn sáng 5/1. Ảnh:&nbsp;<em>Hoàng Hà.</em></td></tr></tbody></table><p class="Normal" style="font-size: 16px; background-color: rgb(244, 245, 246); ">Theo Đài khí tượng thủy văn đồng bằng Bắc Bộ, đến hết ngày 5/1, nhiều tỉnh miền Bắc đã rét đậm, rét hại liên tục 5 ngày. Như vậy, miền Bắc đang trải qua đợt rét có thời gian và cường độ mạnh nhất từ đầu mùa đông.</p><p class="Normal" style="font-size: 16px; background-color: rgb(244, 245, 246); ">Thời tiết rét mướt nhiều khả năng còn kéo dài tới ngày 9/1 trước khi trời ấm lên. Tuy nhiên, thời tiết chỉ bớt rét chừng 2-3 hôm khi ngày 12/1, đợt không khí lạnh tăng cường mới sẽ tràn xuống miền Bắc.</p><p class="Normal" style="font-size: 16px; background-color: rgb(244, 245, 246); ">Cán bộ đài khí tượng cho hay, tới trước Tết ông Công, ông Táo sẽ có thêm 2 đợt không khí lạnh tăng cường. Nhiều khả năng, riêng trong tháng 1/2012 sẽ có tới 4 đợt rét khiến nền nhiệt độ của tháng luôn ở mức thấp. Đây cũng là điều dễ hiểu bởi tháng 1 thường là tháng rét nhất trong mùa đông.</p><table cellspacing="0" cellpadding="3" width="1" align="center" border="0" style="color: rgb(0, 0, 0); font-size: 16px; background-color: rgb(244, 245, 246); "><tbody><tr><td><img src="http://vnexpress.net/Files/Subject/3b/bd/10/bb/ret-HN.jpg" width="450" height="315" alt="Ảnh: Vương Linh."></td></tr><tr><td class="Image" style="font-family: Arial; font-size: 8.5pt; ">Thanh niên Hà Nội tụ tập bên các quán trà nóng nằm khuất, có đốt lửa sưởi ấm. Ảnh:&nbsp;<em>Vương Linh.</em></td></tr></tbody></table><p class="Normal" style="font-size: 16px; background-color: rgb(244, 245, 246); ">Trước thời tiết khắc nghiệt của mùa đông ở miền Bắc và các tỉnh Bắc Trung Bộ, các chuyên gia khí tượng lưu ý người dân việc giữ ấm, tránh việc thay đổi môi trường như đột ngột bước từ trong phòng ấm ra ngoài trời; không đốt lò than trong phòng kín...</p><p class="Normal" style="font-size: 16px; background-color: rgb(244, 245, 246); ">Trong khi đó, các bác sĩ khuyến cáo các gia đình về sức khỏe người già, trẻ em. Phó giáo sư Nguyễn Tiến Dũng, Trưởng khoa Nhi, Bệnh viện Bạch Mai (Hà Nội) cho biết, miền Bắc đang trong&nbsp;<a href="http://vnexpress.net/gl/suc-khoe/2012/01/troi-lanh-nhieu-tre-nhiem-khuan-ruot-cap/" class="Normal" style="font-size: 11.8pt; color: rgb(0, 0, 0); "><font color="#0f0f0f">mùa dịch tiêu chảy do virus rota</font></a>. Trẻ có thể nhiễm rotavirus qua đường tiêu hóa từ thức ăn, thức uống, đồ vật nhiễm bẩn. Trong thời tiết lạnh như hiện nay, nhiều người ngại rửa tay, như thế bệnh càng dễ lây.</p><p class="Normal" align="right" style="font-size: 16px; background-color: rgb(244, 245, 246); "><strong>Nguyễn Hưng</strong></p>', 'vnexpress', 'b.jpg', 'active', 0, '2012-01-06 03:55:52', NULL, NULL, '2012-01-06 03:55:52', NULL, NULL, NULL, NULL, NULL, 1, 0, 1, 0, NULL),
(18, 2, 'Những nghịch lý trong vụ đắm tàu Vinalines Queen  ', 'Vinalines thừa nhận có thể khẩn trương hơn trong cứu hộ nhưng do quá tin tưởng vào các thiết bị trên tàu nên tình huống khẩn cấp không được đặt ra sớm. Doanh nghiệp cũng cho rằng quặng nickel không phải mặt hàng nguy hiểm trong khi thủy thủ sống sót một mực khẳng định điều này.\r\n', '<p class="normal" style="font-size: 16px; background-color: rgb(244, 245, 246); ">Hơn 10 ngày sau vụ chìm tàu tại vùng biển đông bắc Phillipines, câu chuyện buồn của tàu Vinalines Queen vẫn là một dấu hỏi lớn đặt ra ngay với các nhà chuyên môn cũng như những người đi biển kỳ cựu. Những thông tin mà người thủy thủ may mắn Đậu Ngọc Hùng cũng như ban lãnh đạo Vinalines mang lại trong buổi họp báo tối 4/1 không mang lại cho dư luận những giải thích thấu đáo về vụ chìm tàu cũng như công tác cứu hộ. Trái lại, có thêm rất nhiều nghi vấn được đặt ra trước những thông điệp trái chiều được người trong cuộc phát đi.</p><table border="0" cellspacing="0" cellpadding="3" width="1" align="center" style="color: rgb(0, 0, 0); font-size: 16px; background-color: rgb(244, 245, 246); "><tbody><tr><td><img src="http://vnexpress.net/Files/Subject/3b/bd/10/b9/VNL-Queen-0.jpg" width="490" height="320" alt="Nhiều thông điệp trái chiều được người trong cuộc phát đi tại buổi họp báo tối 4/1. Ảnh: Nhật Minh"></td></tr><tr><td class="Image" style="font-family: Arial; font-size: 8.5pt; ">Nhiều thông điệp trái chiều được người trong cuộc phát đi tại buổi họp báo tối 4/1. Ảnh:&nbsp;<em>Nhật Minh</em></td></tr></tbody></table><p class="normal" style="font-size: 16px; background-color: rgb(244, 245, 246); ">Tại buổi họp báo, Tổng giám đốc Vinalines - Nguyễn Cảnh Việt thừa nhận, doanh nghiệp có thể tiến hành các biện pháp khẩn cấp hơn nếu xác định ngay từ đầu đây là một trường hợp nguy hiểm. Tuy nhiên, do nhận định mất liên lạc khoảng 8 – 10 giờ đối với tàu biển không quá bất thường, cộng với tin tưởng tuyệt đối vào các thiết bị phát tín hiệu khẩn cấp trên tàu nên mãi tới 14h25 ngày 25/12/2011 (hơn 7 tiếng sau khi Vinalines Queen phát thông điệp cuối cùng), doanh nghiệp mới gửi yêu cầu trợ giúp tới Trung tâm Phối hợp tìm kiếm cứu nạn hàng hải.</p><p class="normal" style="font-size: 16px; background-color: rgb(244, 245, 246); ">Tuy vậy, trao đổi với&nbsp;<em>VnExpress.net</em>, thuyền trưởng Nguyễn Minh Ngọc, một người có nhiều năm kinh nghiệm vận hành tàu chở quặng nickel, cho rằng căn cứ theo những thông điệp được Vinalines Queen phát đi trước đó, không thể nhận định đây là một trường hợp mất liên lạc thông thường. Ông Ngọc khẳng định, khi tàu đã nghiêng 18 độ, cộng thêm lắc do sóng gió tức là trên dưới 40 độ thì rõ ràng Vinalines Queen phải đối mặt với nguy hiểm rất lớn. Vì thế, việc mất liên lạc nhiều giờ sau đó là báo hiệu rõ ràng nhất về nguy hiểm đối với con tàu và thuyền viên.</p><p class="normal" style="font-size: 16px; background-color: rgb(244, 245, 246); ">Chia sẻ quan điểm này, bản thân ông Nguyễn Anh Vũ, Tổng giám đốc Trung tâm phối hợp tìm kiếm cứu nạn hàng hải cũng cho rằng, tại thời điểm mất liên lạc, Vinalines Queen đang phải đối mặt cùng lúc với 3 mối nguy hiểm: tàu đầy tải, nghiêng 18 độ và sóng to gió lớn. “Trong điều kiện như vậy, khả năng bị đánh chìm là rất cao”, ông Vũ nhận định</p><p class="normal" style="font-size: 16px; background-color: rgb(244, 245, 246); ">Một trong những lý do khiến lãnh đạo Vinalines ban đầu nhận định đây là một vụ mất liên lạc thông thường là do tin tưởng tuyệt đối vào mức độ hiện đại cũng như đầy đủ của các thiết bị cảnh báo trên tàu. Do vậy, việc chưa nhận được bất kỳ một thông tin nào từ các thiết bị này cũng là một nghịch lý khác mà nhiều người đi biển lão luyện cũng không thể giải thích trong vụ chìm tàu Vinalines Queen.</p><p class="normal" style="font-size: 16px; background-color: rgb(244, 245, 246); ">Theo Thuyền trưởng Đinh Tất Thắng, người vừa cùng tàu&nbsp;<a href="http://vnexpress.net/gl/kinh-doanh/2011/01/3ba25c6b/" class="normal">Hoàng Sơn Sun</a>&nbsp;trở về từ vụ cướp biển tại Somalia, với những tàu hiện đại như Vinalines Queen sẽ có ít nhất 5 thiết bị phát tín hiệu khẩn cấp, trong đó có thiết bị có thể phát thẳng lên vệ tinh. "Việc kích hoạt chỉ cần một nút bấm và trong vòng 2 phút có thể kích hoạt toàn bộ 5 thiết bị này. Trong trường hợp khẩn cấp thì ngoài thuyền trưởng, sĩ quan boong có thể là người thay thế phát tín hiệu", thuyền trưởng Thắng nói.</p><table border="0" cellspacing="0" cellpadding="3" width="1" align="center" style="color: rgb(0, 0, 0); font-size: 16px; background-color: rgb(244, 245, 246); "><tbody><tr><td><img src="http://vnexpress.net/Files/Subject/3b/bd/10/b9/VNL-Queen-00.jpg" width="490" height="320" alt="Việc biến mất không để lại dấu vết là bí ẩn lớn nhất trong vụ đắm tàu Vinalines. Ảnh: WP"></td></tr><tr><td class="Image" style="font-family: Arial; font-size: 8.5pt; ">Việc biến mất không để lại dấu vết là bí ẩn lớn nhất trong vụ đắm tàu Vinalines. Ảnh:&nbsp;<em>WP</em></td></tr></tbody></table><p class="normal" style="font-size: 16px; background-color: rgb(244, 245, 246); ">Theo phân tích của thuyền trưởng Thắng, ông không hiểu được vì sao các tín hiệu khẩn cấp không được con tàu phát ra bởi theo lời của thủy thủ Đậu Ngọc Hùng, lúc phát hiện tàu nghiêng, thuyền trưởng đã yêu cầu tất cả thuyền viên mặc áo phao cá nhân, quần áo chống mất nhiệt và lên boong. Mọi người đã ở vị trí sẵn sàng, dây chằng buộc của các xuồng cứu sinh đã được tháo. Điều này có nghĩa, thuyền trưởng và thủy thủ đoàn hình dung được mức độ nguy hiểm của tình huống.</p><p class="normal" style="font-size: 16px; background-color: rgb(244, 245, 246); ">Ngoài ra, cũng theo lời thủy thủ Hùng, nhờ chiếc phao bè nối với xuồng cứu sinh bằng một sợi dây nên khi phao bị đánh lật, Hùng mới lần lên được xuồng. "Phao bè và xuồng là hai thiết bị cứu sinh hoàn toàn độc lập. Buộc vào với nhau chắc chắn phải do con người - tức thuyền viên buộc vào, nghĩa là họ có rất nhiều thời gian chứ không phải không có", thuyền trưởng Đinh Tất Thắng khẳng định.</p><p class="normal" style="font-size: 16px; background-color: rgb(244, 245, 246); ">Nếu như những giả thiết của thuyền trưởng Thắng là chính xác, sẽ có thêm một dấu hỏi nữa về quy trình xử lý sự cố, đặc biệt là việc phát tín hiệu cấp cứu từ tàu Vinalines Queen. Theo các Quyết định 103/2007 về Quy chế Phối hợp tìm kiếm cứu nạn trên biển của Thủ tướng, người và phương tiện bị nạn hoặc có nguy cơ bị nạn (trừ trường hợp bất khả kháng) phải phát tín hiệu cấp cứu để yêu cầu trợ giúp. Trong điều kiện vẫn còn liên lạc được và sẵn sàng rời tàu trước thời điểm 7h sáng 25/12 nói trên, việc Vinalines Queen không phát tín hiệu cấp cứu là điều khó hiểu.</p><p class="normal" style="font-size: 16px; background-color: rgb(244, 245, 246); ">Tại buổi họp báo tối 4/1, nhiều ý kiến chuyên môn từ Tổng công ty Hàng hải đã lên khẳng định khả năng chuyên chở an toàn quặng nickel. Đại diện Phòng Khai thác của đơn vị trực tiếp quản lý tàu thậm chí còn khẳng định đây không phải là mặt hàng nguy hiểm (chỉ được quy định trong các bộ luật quốc tế về chuyên chở hàng xô, dời) nều được vận chuyển lên tàu với giới hạn độ ẩm cho phép.</p><p class="normal" style="font-size: 16px; background-color: rgb(244, 245, 246); ">Tuy nhiên, dù chưa qua đào tạo cơ bản về hàng hóa vận chuyển, cũng tại buổi họp báo nêu trên, thủy thủ Đậu Ngọc Hùng một mực khẳng định anh luôn được thuyền trưởng và các thuyền viên khác nhắc nhở về mức độ nguy hiểm của nickel ngậm nước. Hai thông điệp trái chiều này một lần nữa cho thấy hàng loạt nghịch lý trong vụ việc của Vinalines Queen – vụ chìm tàu bí ẩn mà ngay cả những người trong cuộc cũng chưa thể đưa ra giải thích thỏa đáng.</p><p class="normal" align="right" style="font-size: 16px; background-color: rgb(244, 245, 246); "><strong>Nhật Minh – Nguyễn Hưng</strong></p>', 'vnexpress', 'VNL-Queen-00.jpg', 'active', 0, '2012-01-06 03:56:41', NULL, NULL, '2012-01-06 03:56:41', NULL, NULL, NULL, NULL, NULL, 1, 0, 1, 0, NULL),
(19, 1, 'Niềm vui đoàn tụ của thủy thủ Vinalines Queen', 'Chiều 6/1, thủy thủ Đậu Ngọc Hùng, người được cho là duy nhất sống sót sau khi tàu Vinalines Queen chìm, đã trở về quê nhà trong niềm vui vỡ òa của bố mẹ, con nhỏ và anh em hàng xóm.', '<p class="Normal">Nghe tin anh Hùng trở về nhà, từ sáng sớm, căn nhà nhỏ\r\n ở xã biển Sơn Hải (Quỳnh Lưu, Nghệ An) đã chật cứng người. Từ anh em xa\r\n đến bạn bè gần, ai cũng tất tả thu xếp công việc ngày cuối năm để đến \r\nnhà anh Hùng thăm hỏi.</p>\r\n<table width="1" align="center" border="0" cellpadding="3" cellspacing="0">\r\n<tbody><tr>\r\n<td><img src="http://vnexpress.net/Files/Subject/3b/bd/11/6c/thuy-thu1.jpg" alt="ANh Hùng trong vòng tay của bố mẹ, vợ con và những người hàng xóm. Ảnh: Hà Thanh" height="355" width="495"></td></tr>\r\n<tr>\r\n<td class="Image">Anh Hùng trong vòng tay của bố mẹ, vợ con và những người hàng xóm. Ảnh: <em>Hà Thanh.</em></td></tr></tbody></table>\r\n<p class="Normal">Chiều 6/1, vừa về đến nhà, anh Hùng ôm chầm lấy cô con\r\n gái Vân Anh. "Ngày ra đi, cháu mới tập nói, giờ trở về đã bi bô rồi. \r\nCũng vì thương vợ con, bố mẹ già tôi mới có sức mạnh để chống lại sóng \r\ngió biển khơi và thoát chết trở về", anh Hùng ôm lấy con gái 3 tuổi vui \r\nmừng tâm sự.</p>\r\n<p class="Normal">Chưa kịp ngồi ấm chỗ, những người thân đã muốn anh \r\nHùng kể về hành trình sống sót kỳ diệu giữa đại dương sau khi tàu \r\nVinalines Queen chìm. Chốc chốc mọi người lại ồ lên và vỗ tay khi nghe \r\nkể về tình huống gay cấn. Chị Lại Thị Thoa (vợ anh Hùng) và bà mẹ già \r\nlại rơm rớm nước mắt.</p>\r\n<p class="Normal">Lắng tai nghe từng lời kể của cậu con trai duy nhất, \r\ncụ ông Ngọc Cư (70 tuổi) cứ vui mừng như con trẻ nhận được quà trong khi\r\n bà Ngô Thị Ngoạn (60 tuổi) chạy tới sờ tay lên má con. "Nó đang sống \r\nthật bà con ạ. Có nằm mơ tui cũng không tin là cháu nó còn sống. Từ giờ \r\nchúng tôi không cho nó đi biển nữa đâu, ở nhà vợ chồng rau cháo nuôi \r\nnhau thôi", bà Ngoạn vui mừng tâm sự.</p>\r\n<p class="Normal">Tất tả đạp chiếc xe cọc cạch vượt qua con lạch biển \r\nđến xã Sơn Hải, chị Nguyễn Thị Mai, một người dân ở xã Quỳnh Nghĩa cạnh \r\nbên hồ hởi: "Tui phải bỏ bữa chợ chiều để đến coi mặt anh Hùng. Mấy bữa \r\nni cả làng cả xóm đều hỏi thăm khiến gia đình tui cứ xốn xang, trông cho\r\n anh Hùng về là tui chạy đến liền".</p>\r\n<table width="1" align="center" border="0" cellpadding="3" cellspacing="0">\r\n<tbody><tr>\r\n<td><img src="http://vnexpress.net/Files/Subject/3b/bd/11/6c/thuy-thu2.jpg" alt="Vợ chồng anh Hùng cho biết, vì quá bất ngờ nên chưa có dự định sẽ làm nghề gì tiếp theo nhưng có lẽ sẽ không dám đi làm thuyền viên nữa. Ảnh: Hà Thanh." height="360" width="495"></td></tr>\r\n<tr>\r\n<td class="Image">Vợ chồng anh Hùng cho biết, vì quá bất ngờ nên chưa có\r\n dự định sẽ làm nghề gì tiếp theo nhưng có lẽ sẽ không dám đi làm thuyền\r\n viên nữa. Ảnh: <em>Hà Thanh.</em></td></tr></tbody></table>\r\n<p class="Normal">Ngồi bần thần cạnh chồng, chị Lại Thị Thoa cho biết, \r\ntừ ngày nghe tin chồng còn sống đến nay, mỗi ngày chị nhận được hàng \r\ntrăm cuộc điện thoại động viên, chia sẻ. "Đi đón chồng, gặp được anh ấy \r\nrồi, tôi mừng quá, chỉ mong được sớm về nhà", chị Thoa chia sẻ.</p>\r\n<p class="Normal">Nói về dự định tương lai, chị Thoa bảo vẫn chưa biết \r\nlàm gì để sống trong thời gian tới, nhưng nhất định gia đình sẽ không \r\ncho chồng đi làm thủy thủ nữa. "Lấy chồng nghề biển hồn treo cột buồm. \r\nChồng đi biển, vợ con ở nhà sống cũng chẳng yên, cứ thấp thỏm không biết\r\n sống chết thế nào", chị Thoa thở dài rồi ôm chầm lấy đứa con nhỏ.</p>\r\n<table width="100%" bgcolor="#e7e7cf" border="1" cellpadding="3" cellspacing="0">\r\n<tbody><tr>\r\n<td class="Normal" bgcolor="#808040"><strong><font color="#ffffff">Diễn biến vụ chìm tàu Vinalines Queen</font></strong></td></tr>\r\n<tr>\r\n<td>\r\n<p class="Normal">Tối 22/12/2011, tàu Vinalines Queen cùng 23 thuyền \r\nviên vận chuyển 54.400 tấn quặng Nikel rời cảng Indonesia sang Trung \r\nQuốc, với tình trạng kỹ thuật và trang thiết bị bình thường.</p>\r\n<p class="Normal">- 5h48 ngày 25/12/2011, trong gió cấp 8-9, tàu thông \r\nbáo nghiêng trái 20 độ, chưa rõ nguyên nhân. Thuyền trưởng chuyển hướng \r\nvề vị trí an toàn gần Philippines.</p>\r\n<p class="Normal">- Một giờ sau, tàu báo độ nghiêng trái còn 18 độ, đang chạy về gần bờ biển Phillipines, rồi mất liên lạc.</p>\r\n<p class="Normal">- 7h ngày 25/12/2011, do nghiêng trái quá lớn kết hợp với sóng to gió lớn, Vinalines Queen bị chìm tại vùng biển sâu 5.000 mét.</p>\r\n<p class="Normal">- 14h30 ngày 25/12/2011, Vinalines thông báo cho Trung\r\n tâm phối hợp Tìm kiếm cứu nạn hàng hải Việt Nam về việc tàu Vinalines \r\nQueen mất tín hiệu.</p>\r\n<p class="Normal">- Chiều 26/12/2011, thông tin Vinalines Queen mất tích\r\n cùng 23 thuyền viên được phát đi. Lực lượng cứu hộ Đài Loan 2 lần điều \r\nphương tiện ra hiện trường tìm kiếm nhưng do khu vực đó sóng gió rất lớn\r\n nên không hoạt động được.</p>\r\n<p class="Normal">- Chiều 27/12/2011, Cục phòng vệ bờ biển Nhật Bản tìm \r\nkiếm và phát hiện vệt dầu loang gần tọa độ tàu báo nghiêng rồi mất tín \r\nhiệu.</p>\r\n<p class="Normal">- Sáng 28/12/2011, trực thăng của Cơ quan phòng vệ bờ \r\nbiển Nhật Bản lại bay suốt 3 giờ quanh khu vực tàu Việt Nam mất tích \r\nnhưng vẫn chỉ thấy vệt dầu loang.</p>\r\n<p class="Normal">- Ngày 29/12/2011, việc tìm kiếm bằng trực thăng tạm \r\nngừng. Nhiều chuyên gia cho rằng tàu chìm do quặng hóa lỏng không ổn \r\nđịnh, gây mất thăng bằng trong điều kiện thời tiết xấu.</p>\r\n<p class="Normal">- Sáng 30/12/2011, anh Đậu Ngọc Hùng, thủy thủ trên \r\ntàu Vinalines Queen bị chìm đã được tàu London Courage cứu. 22 thuyền \r\nviên còn lại vẫn chưa có tung tích.</p>\r\n<p class="Normal">- Sáng 4/1/2012, tàu London Courage cập cảng Singapore. Thủy thủ Hùng được làm thủ tục về nước.</p></td></tr></tbody></table>\r\n<p class="Normal" align="right"><strong>Nguyên Khoa</strong></p>', 'vnexpress', 'thuy-thu1.jpg', 'active', 1, '2012-01-06 15:22:23', NULL, NULL, '2012-01-06 15:22:23', NULL, NULL, NULL, NULL, NULL, 1, 0, 1, 0, NULL),
(20, 5, 'Phút sinh tử của cảnh sát trẻ với những kẻ nã đạn', 'Tốp cảnh sát vượt qua khu vườn nghi gài mìn, khi còn 20m là tiếp cận ngôi nhà bị cưỡng chế thì loạt đạn vang lên. Thượng sĩ Trường bị đạn găm vào tay và mắt, 5 người đi cùng bị trọng thương.', '<p class="Normal" align="left">Chiều 6/1, thượng sĩ Đỗ Xuân Trường (24 \r\ntuổi, cảnh sát ma túy huyện Tiên Lãng, Hải Phòng) đang điều trị tại Viện\r\n mắt Trung ương Hà Nội, người yêu đang chăm sóc cho anh. Trường nằm yên,\r\n mắt trái bị bịt bằng bông gạc. Bàn tay trái trúng đạn hoa cải được băng\r\n kín, vẫn còn vương những vệt máu khô.</p>\r\n<p class="Normal" align="left">Nghiêng người khi trò chuyện với <em>VnExpress,</em>\r\n anh cho biết chiều 5/1 tại Bệnh viện Việt - Tiệp (Hải Phòng), các bác \r\nsĩ đã gắp ra được 3-4 viên đạn chì từ tay trái; còn mắt bị trúng 2 viên.\r\n Các bác sĩ tại Viện mắt Trung ương đang làm các xét nghiệm để phẫu \r\nthuật.</p>\r\n<p class="Normal" align="left">Nhức buốt vì còn nhiều viên đạn chì găm \r\nsâu vào tay và vùng nửa đầu trái, Trường kể sáng sớm 5/1, anh cùng nhiều\r\n người khác nhận lệnh của lãnh đạo Công an huyện Tiên Lãng đi tham gia \r\ncưỡng chế thu hồi hơn 50ha đầm nuôi thủy sản, trồng cây ăn quả tại vùng \r\nbãi bồi ven của gia đình Đào Văn Vươn (52 tuổi, xã Vinh Quang).</p>\r\n<table width="1" align="center" border="0" cellpadding="3" cellspacing="0">\r\n<tbody><tr>\r\n<td><p align="center"><img src="http://vnexpress.net/Files/Subject/3b/bd/11/66/cs.jpg" alt="Trường đang được điều trị, bạn gái luôn túc trực bên cạnh anh." height="320" width="480" align="middle"></p></td></tr>\r\n<tr>\r\n<td class="Image">Bạn gái luôn túc trực bên cạnh Trường. Ảnh: <em>Việt Dũng</em>.</td></tr></tbody></table>\r\n<p class="Normal" align="left">6h đội kinh tế, hình sự, ma túy và các \r\nlãnh đạo đi trên xe 24 chỗ xuống gần khu vực bị giải tỏa. Sau đó, hơn \r\n100 người phải đi bộ khoảng 2km mới xuống tới gần nhà Vươn.</p>\r\n<p class="Normal" align="left">Nhận thông báo những người tử thủ trong \r\ncăn nhà bị giải tỏa có vũ khí nên cảnh sát được trang bị mũ bảo hiểm, \r\nkhiên chắn cùng áo chống đạn và các thiết bị dò mìn. Trường cùng đại úy \r\nVũ Anh Tuấn (quyền đội trưởng cảnh sát ma túy huyện) và 3 đồng nghiệp \r\nkhác được giao là mũi chủ lực tiếp cận căn nhà.</p>\r\n<p class="Normal" align="left">Để vào được căn nhà hơn một tầng của Vươn\r\n phải đi qua 3 chiếc cổng. Ngay ở "chốt" đầu tiên, Vươn để một số bình \r\ngas cài kíp nổ phía dưới. "Khi thấy chúng tôi, ông ta kích kíp nổ. Các \r\nbình gas bị hất văng lên cao cả chục mét, nhưng may mắn bình gas không \r\nphát nổ cùng kíp mìn”, Trường nhớ lại. </p>\r\n<p class="Normal" align="left">Qua “cửa ải” thứ nhất, toàn đội do anh \r\nTuấn dẫn đầu tiếp tục tiến vào cổng thứ hai. Khi cách nhà của Vươn chừng\r\n 20m, bất ngờ những tiếng nổ phát ra từ cửa sổ của căn nhà. Anh Tuấn \r\ndính đạn, gục ngã, máu chảy đầm đìa trên mặt. Nhóm cảnh sát chưa kịp \r\nđịnh thần thì loạt đạn thứ hai vang lên. </p>\r\n<p class="Normal" align="left">“Theo phản xạ, em giơ tay che mặt và bị \r\nchùm đạn găm đầy tay và vùng mắt”, cảnh sát Trường nói. Thấy máu chảy \r\nkhắp cánh tay, vùng mặt, một vài đồng đội dìu Trường ra khỏi hiện trường\r\n đi cấp cứu. Sau loạt đạn này, đội của Trường có 3 người khác bị thương \r\ntích. Hai cán bộ huyện đội Tiên Lãng cũng trúng đạn.</p>\r\n<p class="Normal" align="left">Theo cơ quan điều tra, ông Vươn đấu thầu \r\nthuê khu đất rộng 50ha là để nuôi trồng thủy sản, trồng cây ăn quả song \r\nđã hết hạn từ nhiều năm nay. Chính quyền nhiều lần yêu cầu trả lại nhưng\r\n người này không chấp hành, và cũng không chịu đóng thuế.</p>\r\n<p class="Normal">Do không "tâm phục khẩu phục" việc thu hồi đất của \r\nchính quyền huyện Tiên Lãng, ông Vươn và một số chủ đầm khác phản ứng \r\ntiêu cực. Họ từng dọa sẽ có chống đối quyết liệt nếu bị cưỡng chế.</p>\r\n<p class="Normal" align="right"><strong>Việt Dũng</strong></p>', 'vnexpress', 'cs.jpg', 'active', 0, '2012-01-06 15:24:57', NULL, NULL, '2012-01-06 15:24:57', NULL, NULL, NULL, NULL, NULL, 1, 0, 1, 0, NULL),
(21, 1, 'Cannavaro: ''Tôi muốn khám phá Việt Nam''', 'Sau vài giờ đặt chân đến TP HCM, trong bộ vest lịch lãm, thủ quân tuyển Italia - Fabio Cannavaro đã có hơn một giờ trải lòng trước các câu hỏi của giới truyền thông Việt Nam, trong buổi họp báo chiều nay tại TP HCM.', '<table width="1" align="center" border="0" cellpadding="3" cellspacing="0"><tbody><tr><td><img src="http://vnexpress.net/Files/Subject/3b/bd/11/74/CC.jpg" alt="Cannavaro trao chiếc áo lưu niệm cho ông Lê Hùng Dũng. Ảnh: An Nhơn" height="381" width="490" border="1"></td></tr>\r\n<tr>\r\n<td class="Image">Cannavaro trao chiếc áo lưu niệm cho ông Lê Hùng Dũng, đại diện ban tổ chức. Ảnh: <em>An Nhơn</em></td></tr></tbody></table>\r\n<p class="Normal"><em>- Cảm giác của anh thế nào khi đặt chân đến Việt Nam?</em></p>\r\n<p class="Normal">- Xin chào các bạn (nói bằng tiếng Việt), tôi rất vui \r\nmừng khi lần đầu có mặt tại Việt Nam. Tôi rất tò mò muốn tìm hiểu cuộc \r\nsống, văn hóa và bóng đá của Việt Nam. Tôi rất bất ngờ và cũng xin gửi \r\nlời cảm ơn đến các cổ động viên đã tiếp đón tôi thật sự nồng nhiệt.</p>\r\n<p class="Normal">Phụ nữ Việt Nam rất đẹp. Đặc điểm khiến tôi ấn tượng \r\nchính là nụ cười luôn hiện diện trên gương mặt họ. Nụ cười giúp cho phụ \r\nnữ Việt Nam lúc nào cũng tươi.</p>\r\n<p class="Normal"><em>- Mục đích đến Việt Nam lần này của anh là gì?</em></p>\r\n<p class="Normal"> -Khi có mặt ở Việt Nam, tôi là đại diện cho bóng đá \r\nItaly, cho thế hệ cầu thủ Italia vô địch thế giới năm 2006. Hè năm \r\nngoái, tôi đến Singapore, giờ tôi lại đến Việt Nam. Đấy là một cách \r\nquảng bá bóng đá Italia tại khu vực Đông Nam Á. Hơn nữa, tôi muốn tìm \r\nhiểu về đất nước và con người Việt Nam. </p>\r\n<p class="Normal"><em>- Gần đây, tiền đạo tuyển Pháp Anelka đã sang \r\nTrung Quốc thi đấu. Anh có nghĩ rằng một ngày nào đó, sẽ có trào lưu các\r\n danh thủ sẽ đến quốc gia này ở phần cuối của sự nghiệp?</em></p>\r\n<p class="Normal"> - Anelka là một cầu thủ giỏi. Anh ấy đã có sự lựa \r\nchọn dũng cảm. Tôi nghĩ rằng Trung Quốc nói riêng và bóng đá châu Á nói \r\nchung là địa chỉ hấp dẫn, có thể thu hút các ngôi sao bóng đá trong \r\ntương lai. </p>\r\n<p class="Normal">Tôi biết bóng đá châu Á đang phát triển mạnh, nhất là \r\nNhật Bản và Hàn Quốc qua các giải vô địch thế giới gần đây. Tuy nhiên để\r\n bóng đá châu Á phát triển, cần phải đào tạo bóng đá trẻ và có huấn \r\nluyện viên giỏi.</p>\r\n<p class="Normal"><em>- Đâu là niềm vui và nỗi buồn của anh trong sự nghiệp cầu thủ?</em></p>\r\n<p class="Normal"> - Niềm vui với tôi thì có rất nhiều. Nhưng khi xem \r\nlại hình ảnh đội Italia nâng cao chức vô địch thế giới 2006, cảm xúc \r\ntrong tôi vẫn dâng trào. Chức vô địch thế giới 2006 là không tưởng với \r\ntoàn đội. Tôi coi đó là niềm vui và điểm nhấn quan trọng trong sự nghiệp\r\n cầu thủ. Cũng nhờ thành tích này mà tôi đã có danh hiệu cầu thủ hay \r\nnhất thế giới. Đấy là một kỷ niệm rất đẹp. Thường thì các cầu thủ tấn \r\ncông được vinh danh nhiều hơn. Tôi muốn cảm ơn các đồng đội vì họ đã \r\ngiúp tôi đạt được danh hiệu ấy.</p>\r\n<p class="Normal">Còn kỷ niệm buồn đó chính là Euro 2000. Thua tuyển \r\nPháp trong trận chung kết ở những phút cuối quá là cay đắng. Nhưng tôi \r\ncho rằng, thua như thế mới đúng chất Italia.</p>\r\n<p class="Normal">- <em>Cảm giác của anh như thế nào khi quyết định chuyển sang chơi cho Real Madrid sau khi Juventus xuống hạng?</em></p>\r\n<p class="Normal">- Khi đội bóng xuống hạng, vấn đề duy trì đội ở đỉnh \r\ncao là rất quan trọng. Để làm được điều này, tài chính phải đảm bảo. \r\nJuvetus khi ấy phải bán đi rất nhiều ngôi sao, trong đó có tôi. Đối với \r\ncổ động viên thì không hay lắm nhưng vì sự tồn tại của đội nên tôi phải \r\nchấp nhận ra đi. Tôi ra đi là để hy sinh. </p>\r\n<p class="Normal"><em>- Bóng đá Italy từng điêu đứng vì vụ dàn xếp tỷ số\r\n Calciopoli, Juventus của anh cũng vậy, cảm giác của anh cảm giác như \r\nthế nào ở thời điểm vừa nêu?</em></p>\r\n<p class="Normal"> -Vì vụ Calciopoli mà Juventus phải xuống hạng. Nhưng điều quan trọng hơn là Juventus và bóng đá Italia đã mở ra trang mới.</p>\r\n<p class="Normal"><em>- T</em><em>hời của anh cùng Maldini, Nesta, tuyển\r\n Italia có lối chơi phòng ngự quyến rũ. Nhưng đến thời điểm hiện nay, \r\nlối chơi này đã bị mai một đi. Anh nghĩ gì về điều này?</em></p>\r\n<p class="Normal">- Tôi, Nesta, Maldini là những người đá dựa vào thể \r\nlực và đẹp trai. Chính vẻ đẹp trai của chúng tôi khiến các fan nữ phát \r\ncuồng. Hiện nay tuyển Italia thiếu điểm này nên các fan hâm mộ giảm đi.</p>\r\n<p class="Normal"><em>- Nếu được lựa chọn mời sang Việt Nam thi đấu hay làm HLV anh có nhận lời?</em></p>\r\n<p class="Normal"><em>-</em> Tôi đã giã từ sự nghiệp rồi nên không thi \r\nđấu nữa. Tôi rất hài lòng với cuộc sống hiện tại ở Dubai. Ngoài ra, tôi \r\nchỉ muốn vòng quanh thế giới tận hưởng cuộc sống, khám phá những vùng \r\nđất mới với những nền văn hóa mới. Nhưng biết đâu một ngày nào đó tôi sẽ\r\n đến Việt Nam để huấn luyện cho đội bóng thiếu nhi chẳng hạn.</p>\r\n<p class="Normal"><em>- Chiều cao 1m76 với một trung vệ không phải là \r\ntốt nhưng anh đã thành công. Anh chia sẻ gì với các cầu thủ Việt Nam với\r\n thể hình thấp bé?</em></p>\r\n<p class="Normal">- Bóng đá khác với các môn thể thao khác là ai cũng \r\nchơi được. Đặc điểm này khiến bóng đá rất gần gủi và phổ biến. Thế nên \r\nchơi bóng đá không nhất thiết phải có chiều cao, quan trọng là đam mê.</p>\r\n<table width="1" align="center" border="0" cellpadding="3" cellspacing="0">\r\n<tbody><tr>\r\n<td><img src="http://vnexpress.net/Files/Subject/3b/bd/11/74/C4.jpg" alt="Cannavaro trả lời giới truyền thông Việt Nam. Ảnh: An Nhơn" height="498" width="450" border="1"></td></tr>\r\n<tr>\r\n<td class="Image">Cannavaro trả lời giới truyền thông Việt Nam. Ảnh: <em>An Nhơn</em></td></tr></tbody></table>\r\n<p class="Normal"><em>- Khi còn thi đấu, tiền đạo nào đáng ngại với anh và anh có nghĩ mình sẽ chặn được Messi?</em></p>\r\n<p class="Normal">- Là một trung vệ, tôi đã đối đầu với nhiều tiền đạo \r\nđẳng cấp, đáng ngại nhất với tôi chính là tiền đạo Ronaldo của Brazil. \r\nĐối với Messi, anh ấy là tiền đạo đáng sợ hiện nay. Đặc điểm của Messi \r\nlà tận dụng rất tốt các khoảng trống dù rất nhỏ. Nếu còn thi đấu và chạm\r\n mặt với Messi, tôi cũng sẽ khó khăn.</p>\r\n<p class="Normal"><em>- Thần tượng của anh là ai?</em></p>\r\n<p class="Normal">- Từ nhỏ tôi đam mê đội Napoli. Tôi cũng trưởng thành từ CLB này. Thế nên cầu thủ tôi thần tượng chính là Maradona. </p>\r\n<p class="Normal">- <em>Nếu được đánh giá thang điểm 10 cho một người chồng, anh sẽ chấm mình bao nhiêu?</em></p>\r\n<p class="Normal">-Tôi là chủ trong gia đình nên chắc chắn chấm mình \r\nđiểm 10. Trên sân cỏ bạn có thể chủ động trong các đường bóng, nhưng \r\ntrong cuộc sống gia đình có nhiều điều phức tạp mà bạn khó lường được.</p>\r\n<p class="Normal"><em>- Anh nghĩ đội nào sẽ vô địch Euro 2012?</em></p>\r\n<p class="Normal">Tôi là một người Italy, dĩ nhiên tôi tin đội tuyển \r\nquốc gia mình sẽ vô địch. Chúng tôi có một kỳ World Cup 2010 đáng buồn, \r\nnhưng tôi tin Euro 2012 các cầu thủ Italy sẽ trả món nợ.</p>\r\n<p class="Normal" align="right"><strong>An Nhơn</strong></p>', 'vnexpress', 'C4.jpg', 'active', 3, '2012-01-06 15:26:32', NULL, NULL, '2012-01-06 15:26:32', NULL, NULL, NULL, NULL, NULL, 1, 1, 1, 0, NULL),
(22, 2, 'Thủ tướng: ''Đất dành cho giao thông ít, tắc đường là phải''', 'Ngày 6/1, phát biểu tại hội nghị triển khai kế hoạch năm 2012 của ngành xây dựng, Thủ tướng Nguyễn Tấn Dũng cho rằng chất lượng quy hoạch còn thấp, đất dành cho giao thông quá ít khiến giao thông ách tắc. ', '<p class="Normal">Người đứng đầu Chính phủ đã ghi nhận những thành tựu \r\nmà ngành xây dựng đạt được trong năm 2011 như xây được 160.000 nhà ở cho\r\n người nghèo, 93% đô thị đã có quy hoạch... Tuy nhiên, Thủ tướng nhận \r\nxét chất lượng quy hoạch tại nhiều tỉnh thành còn thấp, đất dành cho \r\ngiao thông tại các thành phố lớn quá ít khiến ách tắc giao thông, thậm \r\nchí không có đất để xây dựng trường học, bệnh viện, chưa kể đến các công\r\n trình vui chơi giải trí. </p>\r\n<p class="Normal">"Ở Hà Nội và TP HCM, đất dành cho giao thông chỉ chiếm\r\n 6-8% trong khi đó tiêu chuẩn phải đạt 20% thì tắc đường là phải thôi", \r\nThủ tướng Nguyễn Tấn Dũng nhận xét đồng thời khẩn thiết yêu cầu ngành \r\nxây dựng quan tâm quản lý quy hoạch. Khi công nghiệp hóa đi liền với đô \r\nthị hóa thì việc đầu tiên quyết định là quy hoạch, quản lý tốt mới có đô\r\n thị văn minh, hiện đại. </p>\r\n<p class="Normal">Ông yêu cầu ngành xây dựng cần nâng cao hiệu quả, hiệu\r\n lực quản lý nhà nước, làm sao các quy hoạch phải có tầm nhìn, có chất \r\nlượng tốt hơn, không được để tình trạng quy hoạch một kiểu, đường làm \r\nmột nẻo. </p>\r\n<table width="1" align="center" border="0" cellpadding="3" cellspacing="0">\r\n<tbody><tr>\r\n<td><img src="http://vnexpress.net/Files/Subject/3b/bd/11/28/Thu-tuong.jpg" height="383" width="480"></td></tr>\r\n<tr>\r\n<td class="Image">Thủ tướng Nguyễn Tấn Dũng: "Chất lượng quy hoạch còn thấp". Ảnh: <em>Nguyễn Hưng.</em></td></tr></tbody></table>\r\n<p class="Normal">Theo người đứng đầu Chính phủ, nhiều quy hoạch 1/2.000\r\n của nhiều thành phố chưa có, các doanh nghiệp thường đề xuất, tự lập \r\nquy hoạch là chính nên tạo nạn "xin cho" gây tiêu cực. Do vậy, địa \r\nphương cần nhanh chóng rà soát các quy hoạch hiện có so với yêu cầu công\r\n nghiệp hóa và cần bổ sung để theo kịp tình hình mới. </p>\r\n<p class="Normal">Với Hà Nội đã có quy hoạch chung thủ đô, Thủ tướng yêu\r\n cầu thành phố cần làm tốt quy hoạch phân khu chức năng và quản lý đúng \r\nnhững gì đã đề ra. </p>\r\n<p class="Normal">Thủ tướng cũng yêu cầu tăng nguồn lực làm công tác quy\r\n hoạch và quản lý quy hoạch cho các địa phương bởi hiện nay mỗi huyện \r\nchỉ có 1-2 kỹ sư xây dựng thì không thể quản lý được. Các địa phương cần\r\n đặt hàng với trường đại học, tài trợ học bổng và đưa sinh viên sau khi \r\nra trường về làm công tác quy hoạch. </p>\r\n<table width="1" align="center" border="0" cellpadding="3" cellspacing="0">\r\n<tbody><tr>\r\n<td><img src="http://vnexpress.net/Files/Subject/3b/bd/11/28/a.jpg" alt="Tắc đường" height="329" width="495"></td></tr>\r\n<tr>\r\n<td class="Image">Tắc đường một phần do quỹ đất dành cho giao thông quá ít. Ảnh: <em>Hoàng Hà.</em></td></tr></tbody></table>\r\n<p class="Normal">Đề cập về chất lượng công trình xây dựng, người đứng \r\nđầu Chính phủ cho rằng, chất lượng công trình còn thấp song giá thành \r\nlại cao, nhất là giá thành công trình đầu tư công cao quá, khiến người \r\ndân kêu ca. Thủ tướng dẫn chứng câu chuyện 3 nước Myanmar, Lào và Việt \r\nNam hợp tác xây dựng cây cầu bắc qua sông Me Kong. Khi yêu cầu bộ trưởng\r\n giao thông tính toán xây dựng thì bộ trưởng này trả lời để nước bạn làm\r\n cầu thì giá thành sẽ rẻ hơn. </p>\r\n<p class="Normal">"Tôi đọc báo thấy tòa nhà cao nhất ở Hà Nội hay có \r\nngười chết vì tai nạn. Ngành xây dựng phải nâng cao chất lượng và độ an \r\ntoàn của công trình. Đây là trách nhiệm của ngành, phải đưa ra công \r\ntrình đẹp, bền vững, an toàn, không xảy ra sự cố. Cùng với đó, phải điều\r\n chỉnh giá nhà ở hợp lý", Thủ tướng chỉ đạo. </p>\r\n<p class="Normal">Với chiến lược nhà ở đến năm 2020, tầm nhìn 2050, \r\nngười đứng đầu Chính phủ cho rằng ngành xây dựng phải cụ thể hóa từng \r\nloại nhà ở theo từng năm. Trong đó, cần trích một phần nhà xã hội, nhà \r\nthu nhập thấp cho người khó khăn về nhà ở. Ngoài ra, cần tăng cường nhà \r\ncho thuê với giá chấp nhận được cho số đông người lao động. </p>\r\n<p class="Normal">Tại hội nghị triển khai kế hoạch năm 2012, Bộ trưởng \r\nXây dựng Trịnh Đình Dũng cho biết, trong năm nay sẽ rà soát quy hoạch \r\nvùng và quy hoạch đô thị, đẩy mạnh công tác lập và phê duyệt thiết kế đô\r\n thị tại các tỉnh thành. Với Hà Nội và TP HCM sẽ thực hiện quy hoạch \r\nphân khu theo đồ án quy hoạch chung đã được phê duyệt.</p>\r\n<p class="Normal">Ngành xây dựng tiếp tục đưa ra các chính sách giải \r\nquyết nhà ở cho những người khó khăn như đề án quỹ tiết kiệm nhà ở, phát\r\n triển nhà xã hội, nhà ở cho thuê, nhà tái định cư, đề án hỗ trợ hộ \r\nnghèo... </p>\r\n<p class="Normal" align="right"><strong>Đoàn Loan</strong></p>', 'Nixforest', 'Thu-tuong.jpg', 'active', 8, '2012-01-06 15:28:29', NULL, NULL, '2012-01-06 15:28:29', NULL, NULL, NULL, NULL, NULL, 1, 0, 1, 0, NULL);
INSERT INTO `news_article` (`article_id`, `category_id`, `title`, `description`, `content`, `author`, `image`, `status`, `num_views`, `created_date`, `created_user_id`, `created_user_name`, `updated_date`, `updated_user_id`, `updated_user_name`, `activate_user_id`, `activate_user_name`, `activate_date`, `allow_comment`, `num_comments`, `is_hot`, `ordering`, `language`) VALUES
(23, 3, 'Tàu hàng bị tấn công trên sông Mekong ', '5 chiếc tàu của Trung Quốc và Myanmar đã bị tấn công trên dòng sông Mekong thuộc địa phận Myanmar, làm dấy lên mối lo ngại về an toàn đường thủy trong khu vực.', '<p class="Normal"><em>Nhân dân nhật báo</em> Trung Quốc đưa tin, ba tàu \r\nchở hàng và một tàu chở dầu của Trung Quốc cùng một tàu tuần tra là của \r\nMyanmar bị tấn công bằng lựu đạn vào rạng sáng ngày 4/1 tại cảng Wan \r\nPung của Myanmar.</p>\r\n<p class="Normal">Nguồn tin của cảnh sát hàng hải Thái Lan cho biết, \r\nnhững kẻ tấn công đã ném hai quả lựu đạn tương tự như loại M79. Một quả \r\nrơi xuống nước, một quả nổ ở gần các con tàu nên không gây ra thiệt hại \r\nnào. </p>\r\n<p class="Normal">Tàu tuần tra của Myanmar đã đuổi theo nhưng không bắt được tàu của những kẻ tấn công bởi tầm nhìn hạn chế trong đêm tối.</p>\r\n<p class="Normal">Vụ tấn công lại làm dấy lên mối lo ngại về an toàn \r\nđường thủy trên sông Mekong sau vụ 13 thủy thủ trên hai tàu chở hàng của\r\n Trung Quốc bị bắn chết hồi tháng 10 năm ngoái tại khu vực Tam Giác \r\nVàng, giáp ranh giữa ba nước Thái Lan, Lào, Myanmar.</p>\r\n<p class="Normal">Hoạt động vận tải đường thủy trên sông Mekong đã bị \r\ngián đoạn từ đó và mới được khôi phục từ tháng 12/2011 sau khi 4 nước \r\nThái Lan, Lào, Myanmar và Trung Quốc tiến hành tuần tra chung nhằm tăng \r\ncường an ninh tại đoạn sông bất ổn gần vùng Tam Giác Vàng.</p>\r\n<p class="Normal" align="right"><strong>Vũ Hà</strong></p>', 'vnexpress', 'tamgiacvang.jpg', 'active', 5, '2012-01-06 15:29:40', NULL, NULL, '2012-01-06 15:29:40', NULL, NULL, NULL, NULL, NULL, 1, 0, 1, 0, NULL),
(24, 2, 'Iran liên tiếp tập trận', 'Vệ binh cách mạng Iran sẽ tổ chức các cuộc tập trận hải quân tại eo biển Hormuz trong năm mới, trong lúc khu vực này đang là tâm điểm căng thẳng với Mỹ. ', '<p class="Normal">Hãng tin <em>Fars</em> dẫn lời tư lệnh hải quân của Vệ\r\n binh cách mạng Iran, đô đốc Ali Fadavi, hôm qua cho biết cuộc tập trận \r\nsắp tới sẽ được tổ chức trong tháng Bahman của người Iran, tương ứng với\r\n tháng 2 lịch phương Tây. Đây là một phần của cuộc diễn tập hàng năm \r\nmang tên "Nhà tiên tri vĩ đại". Tuy nhiên, theo ông Fadavi, các cuộc tập\r\n trận năm nay sẽ có sự khác biệt so với trước đây, nhưng khác như thế \r\nnào thì ông không tiết lộ.</p>\r\n<p class="Normal">Thông tin trên được đưa ra chỉ hai ngày sau khi hải \r\nquân Iran kết thúc cuộc tập trận Velayat 90 trên hải phận quốc tế, gần \r\neo biển Hormuz. Ngư lôi, tên lửa, tàu ngầm, tàu chiến, trực thăng và các\r\n vũ khí tối tân đều tham gia diễn tập. Cuộc tập trận kéo dài 10 ngày đã \r\nthu hút sự theo dõi sát sao của quốc tế khi quốc gia Hồi giáo dọa đóng \r\ncửa ngõ thông thương này nếu phương Tây dám mạnh tay với các cơ sở hạt \r\nnhân và cấm vận ngành xuất khẩu dầu mỏ của Iran. </p>\r\n<p class="Normal">Eo Hormuz là tuyến đường biển hàng đầu ở vùng Vịnh, \r\nnơi lưu thông một tỷ trọng lớn lượng dầu lửa của thế giới. Nếu cửa ngõ \r\nnày bị phong tỏa, giá dầu mỏ sẽ tăng vọt và bản thân nền kinh tế Iran \r\nvốn phụ thuộc vào xuất khẩu dầu mỏ cũng bị ảnh hưởng.</p>\r\n<p class="Normal">Bất chấp nguy cơ đó, hôm 3/1, Mỹ đã quyết định áp lệnh\r\n trừng phạt với các cơ quan tài chính có giao dịch với ngân hàng nhà \r\nnước Iran. Đây là biện pháp mới nhất trong chính sách trừng phạt của \r\nWashington với Tehran nhằm buộc nước Hồi giáo chấm dứt chương trình hạt \r\nnhân. Mỹ và các đồng minh nghi ngờ Tehran đang nghiên cứu phát triển bom\r\n nguyên tử nhưng Tổng thống Mahmoud Ahmadinejad kiên quyết rằng chương \r\ntrình hạt nhân chỉ nhằm mục đích dân sự.</p>\r\n<table width="1" align="center" border="0" cellpadding="3" cellspacing="0">\r\n<tbody><tr>\r\n<td><img src="http://vnexpress.net/Files/Subject/3b/bd/11/4c/eo-hormuz-map.jpg" height="395" width="480" border="1"></td></tr>\r\n<tr>\r\n<td class="Image">Bản đồ vị trí eo biển Hormuz. Đồ họa: <em>AFP</em></td></tr></tbody></table>\r\n<p class="Normal">Trong một diễn biến mới, Ngoại trưởng Iran Ali-Akbar \r\nSalehi hôm qua tuyên bố sẵn sàng nối lại vòng đàm phán về vấn đề hạt \r\nnhân với 5 nước thường trực Hội đồng Bảo an Liên Hợp Quốc và Đức. Ông \r\ncho biết vòng đàm phán này có thể bắt đầu sau khi các bên thống nhất \r\nđược về thời gian và địa điểm.</p>\r\n<p class="Normal">Trước đó, ngày 4/1, người phát ngôn Bộ Ngoại giao \r\nIran, Ramin Mehmanparas cũng cho biết đang chờ ý kiến đề xuất của Liên \r\nminh châu Âu về thời gian và địa điểm của vòng đàm phán. Lần đàm phán \r\ngần đây nhất giữa sáu nước và Iran vào tháng 1/2011 đã đổ vỡ khi Tehran \r\ntừ chối dừng các hoạt động làm giàu uranium để đổi lấy các lợi ích về \r\nkinh tế và thương mại.</p>\r\n<p class="Normal" align="right"><strong>Anh Ngọc</strong></p>', 'vnexpress', 'iran7.jpg', 'active', 6, '2012-01-06 15:49:38', NULL, NULL, '2012-01-06 15:49:38', NULL, NULL, NULL, NULL, NULL, 1, 1, 1, 0, NULL),
(25, 1, 'Nữ tiếp viên Trung Quốc học đấm  ', 'Các tiếp viên hàng không của hãng China Eastern Airlines tại Trung Quốc học võ cổ truyền để hỗ trợ nhân viên an ninh trên máy bay trong những trường hợp khẩn cấp.\r\n', '<p class="Normal" style="font-size: 16px; background-color: rgb(244, 245, 246); "><em>China Daily</em>&nbsp;dẫn lời Zhang Yuhong, một nữ tiếp viên của China Eastern Airlines, cho biết, 20 tiếp viên của hãng đã tham gia khóa huấn luyện đầu tiên từ giữa tháng 12. China Eastern Airlines dự định mở rộng chương trình đào tạo cho hơn 2.600 tiếp viên tại Thượng Hải.</p><p class="Normal" style="font-size: 16px; background-color: rgb(244, 245, 246); ">“Công ty quyết định mở rộng chương trình đào tạo vì ban lãnh đạo hài lòng với kết quả của đợt huấn luyện đầu tiên”, cô Zhang nói.</p><p class="Normal" style="font-size: 16px; background-color: rgb(244, 245, 246); ">Nhiều tiếp viên khác cho hay, chương trình đào tạo khá dễ, rất thiết thực và được thiết kế để giúp họ cải thiện kỹ năng công việc.</p><p class="Normal" style="font-size: 16px; background-color: rgb(244, 245, 246); ">Mọi hãng hàng không của Trung Quốc đều có nhân viên bảo vệ và như cảnh sát trên máy bay để đảm bảo an ninh. Họ mặc thường phục như hành khách, nhưng tình huống khẩn cấp xảy ra, họ sẽ ra tay để bảo vệ hành khách.</p><p class="Normal" style="font-size: 16px; background-color: rgb(244, 245, 246); ">"Nhiệm vụ của tiếp viên bao gồm giúp đỡ nhân viên an ninh và cảnh sát khi các phi hành đoàn và hành khách gặp nguy hiểm," một tiếp viên của China Eastern Airlines tại Thượng Hải phát biểu với&nbsp;<i>Oriental Morning Post</i>.</p><p class="Normal" style="font-size: 16px; background-color: rgb(244, 245, 246); ">Các tiếp viên cũng được đào tạo để có thể nhận diện những tên không tặc. Với những kỹ năng cơ bản về phòng vệ và vật, họ không những có thể tự bảo vệ bản thân mà còn đủ khả năng giúp cảnh sát khống chế những tên không tặc, cô Zhang kể.</p><p class="Normal" style="font-size: 16px; background-color: rgb(244, 245, 246); "><i>South China Morning</i>&nbsp;đưa tin China Eastern Airlines không phải là hãng hàng không Trung Quốc đầu tiên bắt đầu thực hiện chương trình đào tạo võ thuật cho tiếp viên. Trong tháng tư, Hong Kong Airlines đã yêu cầu các thành viên phi hành đoàn mới vào nghề phải học Vịnh Xuân Quyền, một môn võ thuật lâu đời của Trung Quốc.</p><p class="Normal" align="right" style="font-size: 16px; background-color: rgb(244, 245, 246); "><strong>Tử Quỳnh</strong></p>', 'vnexpress', 'tiep-vien-5.jpg', 'active', 4, '2012-01-07 03:13:17', NULL, NULL, '2012-01-07 03:13:17', NULL, NULL, NULL, NULL, NULL, 1, 1, 1, 0, NULL),
(26, 2, 'Hoàng Thị Thùy giành ngôi VN''s Next Top Model  ', 'Khuôn mặt đẹp cá tính, bước catwalk có hồn và tự tin giúp người đẹp Thanh Hóa vượt qua 2 ứng viên nặng ký: Lê Thúy, Trà My trong đêm chung kết để giành chiến thắng. Danh hiệu của cô được đánh giá là xứng đáng.\r\n', '<p class="Normal" style="font-size: 16px; background-color: rgb(244, 245, 246); ">Đêm chung kết cuộc thi Vietnam''s Next Top Model 2011 diễn ra vào 20h tối 8/1 tại Nhà thi đấu Phan Đình Phùng, TP HCM.</p><p class="Normal" style="font-size: 16px; background-color: rgb(244, 245, 246); ">Trong đêm này, top 3 cuộc thi là: Hoàng Thị Thùy, Lê Thị Thúy và Nguyễn Thị Trà My phải trải qua 2 phần thi chính: trình diễn catwalk và tạo dáng trước ống kính nhiếp ảnh gia.</p><table cellspacing="0" cellpadding="3" width="1" align="center" border="0" style="color: rgb(0, 0, 0); font-size: 16px; background-color: rgb(244, 245, 246); "><tbody><tr><td><p align="center"><img src="http://vnexpress.net/Files/Subject/3b/bd/12/4f/next-top-model-7.jpg" width="495" height="371" border="1" alt="Siêu mẫu quốc tế Tyra Banks, người sáng lập cuộc thi American''s Next Top Model chúc mừng chiến thắng của Hoàng Thùy." align="center"></p></td></tr><tr><td class="Image" style="font-family: Arial; font-size: 8.5pt; ">Siêu mẫu quốc tế Tyra Banks, người sáng lập cuộc thi American''s Next Top Model, chúc mừng chiến thắng của Hoàng Thùy.</td></tr></tbody></table><p class="Normal" style="font-size: 16px; background-color: rgb(244, 245, 246); ">Ở phần thi catwalk, ba cô gái mặc các trang phục nằm trong bộ sưu tập mới nhất của nhà thiết kế Đỗ Mạnh Cường. Sau 3 tháng gắn bó với cuộc thi này và được các chuyên gia rèn giũa bởi, 3 người đẹp "lột xác" hoàn toàn so với những ngày đầu chập chững bước vào chương trình. Tuy vậy, khán giả vẫn có thể nhận thấy Hoàng Thị Thùy và Lê Thị Thúy trội hơn Trà My ở phong cách trình diễn tự tin, động tác dứt khoát và tạo dáng tốt. Tuy Trà My có khuôn mặt đẹp trong sáng và rất cố gắng để thể hiện, nhưng cô vẫn còn cho thấy sự lúng túng, đi catwalk chưa thuần thục.</p><p class="Normal" style="font-size: 16px; background-color: rgb(244, 245, 246); ">Chính vì thế, người xem khá bất ngờ khi sau khi kết thúc phần thi đầu, người bị loại chính là Lê Thị Thúy. Cô gái Quảng Bình khá bình tĩnh khi phải rút lui ở ngay đêm chung kết.</p><p class="Normal" style="font-size: 16px; background-color: rgb(244, 245, 246); ">Ở phần thi tạo dáng trước ống kính của nhiếp ảnh gia, Hoàng Thùy và Trà My phối hợp với các vũ công hóa thân thành hai cô gái trong vở nhạc kịch&nbsp;<em>Burlesque</em>, và tự do bay bổng thể hiện các động tác tạo hình. Giám khảo Nam Trung không muốn gò hai cô theo một khung chủ đề nào mà để họ tự do tạo hình trên nền nhạc bài hát<em>I''m a good girl&nbsp;</em>của phim&nbsp;<em>Burlesque</em>. Ở vòng này, Hoàng Thùy hoàn toàn vượt qua Trà My ở sự tự chủ, biết cách tạo dáng và phối hợp với bạn diễn, trong khi Trà My chưa thật sự thoát khỏi vẻ đẹp của một "công chúa gấu bông" khi còn quá dịu dàng và e ấp.</p><p class="Normal" style="font-size: 16px; background-color: rgb(244, 245, 246); ">Khi ban giám khảo công bố Hoàng Thị Thùy đoạt danh hiệu quán quân, hàng trăm người xem tại khán phòng nhà thi đấu Phan Đình Phùng đã vỗ tay nồng nhiệt để bày tỏ sự đồng tình với kết quả này.</p><table cellspacing="0" cellpadding="3" width="1" align="center" border="0" style="color: rgb(0, 0, 0); font-size: 16px; background-color: rgb(244, 245, 246); "><tbody><tr><td><p align="center"><img src="http://vnexpress.net/Files/Subject/3b/bd/12/4f/her-world-2to.jpg" width="495" height="344" border="1" alt="Các bức ảnh bìa của tạp chí Her World được đưa ra giữa chương trình đã vô tình khiến khán giả đoán được ai là người chiến thắng." align="center"></p></td></tr><tr><td class="Image" style="font-family: Arial; font-size: 8.5pt; ">Các bức ảnh bìa của tạp chí Her World được đưa ra giữa chương trình đã vô tình khiến khán giả đoán được ai là người chiến thắng.</td></tr></tbody></table><font color="#3f3f3f" style="font-size: 16px; background-color: rgb(244, 245, 246); "><strong></strong></font><p class="Normal" align="left" style="font-size: 16px; background-color: rgb(244, 245, 246); "><font color="#3f3f3f"><strong>Tuy vậy, khá nhiều người xem cho rằng đây hoàn toàn không phải là kết quả bất ngờ</strong></font>. Theo khán giả Kim Lâm, đến từ Hà Nội,&nbsp;<font color="#3f3f3f"><strong>ban tổ chức có thể đã vô tình để "lộ" kết quả ngay từ giữa đêm th</strong>i.</font><font color="#000000">&nbsp;Anh Kim Lâm chú ý đến&nbsp;</font>chi tiết: sau phần thi catwalk của ba thí sinh, trên màn hình chính của chương trình hiện ra 3 bức ảnh chân dung của top 3 đăng trên trang bìa tạp chí Her World. Trước khi bước vào đêm chung kết, các người đẹp đã được&nbsp;<a href="http://ngoisao.net/tin-tuc/showbiz-viet/2012/01/hau-truong-thu-vi-cua-top-model-o-thai-lan-187882/" class="Normal" style="font-size: 11.8pt; color: rgb(0, 0, 0); ">đưa sang Thái Lan để chụp ảnh bìa</a>, chờ sẵn nếu ai đăng quang thì ảnh bìa của người đó sẽ được sử dụng thực sự. "Khi ba bức ảnh này hiện ra trên màn hình, dễ nhận thấy, ảnh chân dung của Lê Thị Thúy và Trà My không đẹp. Riêng chân dung của Hoàng Thùy khác biệt rõ nét khi cho thấy sự cân đối, hài hòa trong bố cục. Ngoài ra, chiếc váy Hoàng Thùy mặc cũng khác hẳn so với hai thí sinh còn lại khi có điểm nhấn là một vòng tua rua quanh cổ gây ấn tượng", vị khán giả này nhận xét.</p><span style="font-size: 16px; background-color: rgb(244, 245, 246); "></span><p class="Normal" style="font-size: 16px; background-color: rgb(244, 245, 246); ">Nói về chiến thắng của mình, Hoàng Thị Thùy cho biết, với cô, giải quán quân cchỉ là bước khởi đầu khi đến với nghiệp người mẫu. Cô không muốn dừng lại mà sẽ nỗ lực hết sức để chinh phục làng thời trang trong nước và vươn ra thời trang thế giới. Bố của người đẹp cũng có mặt tại đêm chung kết để ủng hộ tinh thần con gái. Giám khảo Đỗ Mạnh Cường từng bày tỏ sự xúc động trước gia cảnh của Hoàng Thùy. Cô sinh viên năm hai Đại học Kiến trúc Hà Nội xuất thân từ một gia đình không khá giả. Ngày bé, nhà cô từng phải ngủ dưới gầm cầu, mỗi khi thức dậy mặt cô dính đầy bụi. Chính hoàn cảnh này tạo nên cho cô tính cách mạnh mẽ, không chùn bước trước khó khăn.</p><p class="Normal" style="font-size: 16px; background-color: rgb(244, 245, 246); ">Đêm chung kết cuộc thi Vietnam''s Next Top Model mùa giải thứ hai hơn mùa giải đầu ở độ hoành tráng. Ban tổ chức đầu tư dàn ánh sáng rất công phu để tạo hiệu ứng sân khấu đẹp. Đó là chưa kể nhiều màn bắn pháo sáng gây không khí sôi động cho chương trình. Các thí sinh đã bị loại của cuộc thi như: Kiki Lê, Lê Thị Phương, Thanh Thủy, Dương Dung, Thùy Trang, Phương Anh, Kim Tuyền và Lê Thị Tuyết đã hội tụ trong đêm này để trình diễn thời trang mở đầu và kết đêm thi cùng với Tuyết Lan, Á quân năm 2010. Dù các người đẹp đi catwalk chưa nhuần nhuyễn, có lúc Lê Thị Phương suýt vấp té trên sàn diễn, họ vẫn nhận được tràng pháo tay nồng nhiệt cũng như tiếng reo hò, cổ vũ của khán giả.</p>', 'vnexpress', 'her-world-2to.jpg', 'active', 12, '2012-01-09 04:06:22', NULL, NULL, '2012-01-09 04:06:22', NULL, NULL, NULL, NULL, NULL, 1, 2, NULL, 0, NULL),
(27, 2, 'Lê Văn Luyện ''không thấy bị oan''  ', 'Sau khi hoãn phiên tòa theo đề nghị của luật sư bị hại, 2h chiều nay, phiên xử Lê Văn Luyện bắt đầu trở lại. Gia đình bị hại bày tỏ còn nhiều chi tiết ở hiện trường không được cơ quan chức năng đề cập đến.\r\n', '<p class="Normal" style="font-size: 16px; background-color: rgb(244, 245, 246); "><em>* Tiếp tục cập nhật (nhấn F5)</em></p><p class="Normal" style="font-size: 16px; background-color: rgb(244, 245, 246); "><strong>16h50</strong>, Sau phần thẩm vấn Luyện, lập tức người nhà bị hại đứng lên có ý kiến: “Việc xét hỏi bị cáo Luyện đầu tiên như vậy có hợp lý không. Các bị cáo phía sau nghe hết rõ câu chuyện thì còn gì để khai nữa”. Phiên toà dừng lại gần một phút khi gia đình bị hại đề nghị được để di ảnh nạn nhân phía bên bị cáo.</p><p class="Normal" style="font-size: 16px; background-color: rgb(244, 245, 246); ">Tiếp đó phần xét xử diễn ra với việc thẩm vấn bị cáo Trương Thanh Hồng. Cũng như những gì Luyện khai trước đó, Hồng trình bày “khớp” với lời của Luyện.</p><p class="Normal" style="font-size: 16px; background-color: rgb(244, 245, 246); "><strong>15h30</strong>, trước những câu trả lời nhát gừng của Luyện, một số người trong gia đình bị hại lập tức phản ứng. Được sự động viên của vị chủ tọa, gã khai nhận từng hành vi diễn ra bên trong căn nhà 3 tầng của tiệm vàng Ngọc Bích.</p><p class="Normal" style="font-size: 16px; background-color: rgb(244, 245, 246); ">Theo đó, Luyện mò xuống tầng 2, thấy ông chủ nhà đang ngồi ở cầu thang liền chém vào gáy. Tiếp theo gã sát thủ gặp bé Bích liền hạ sát lên vùng tay, mặt. Thấy Bích nằm im, gã mò vào phòng phát hiện bé Thảo đang khóc và tiếp tục ra tay.</p><p class="Normal" style="font-size: 16px; background-color: rgb(244, 245, 246); ">"Lúc đó bị cáo suy nghĩ như thế nào?" chủ tọa hỏi. "Bị cáo nghĩ các bị hại đã bị chết hết rồi”, Luyện đáp. Gây án xong, Luyện vào phòng vệ sinh rửa các vết máu trên người. Bản thân bị cáo cũng bị thương ở vùng tay.</p><p class="Normal" style="font-size: 16px; background-color: rgb(244, 245, 246); ">Sau đó, Luyện xuống dưới tầng lấy giấy vệ sinh để quấn vào vùng tay bị thương, rồi dung dao díp cậy tủ vàng, vơ vét toàn bộ số vàng có trong tủ. Bị cáo nhìn ra ngoài thấy nhiều học sinh đang chuẩn bị đi học nên không dám ra bằng cửa trước. Hung thủ đã lấy sim điện thoại mang theo, lắp vào máy của nạn nhân gọi điện cho anh họ Hồng đến. Lúc đó, bị cáo vẫn đang ở phòng bếp. “Anh ra Sàn đón em và cầm thêm chiếc áo mặc”, Luyện kể lại cuộc điện thoại cho Hồng.</p><p class="normal" style="font-size: 16px; background-color: rgb(244, 245, 246); ">Luyện cho biết không thoát ra bằng đường lan can tầng 3 như lúc đột nhập mà trèo lên hàng rào sắt phía sau nhà. Khi ra thị trấn Vôi, Luyện đưa cho Hồng hai sợi dây chuyền “bán và chuộc xe ra cho mình”. Theo lời gã, lúc ấy Hồng “mặt đơ ra khi nhìn thấy hai sợi dây chuyền”.</p><p class="normal" style="font-size: 16px; background-color: rgb(244, 245, 246); ">Sau khi lên Lạng Sơn, được hai ngày, bố và chú của bị cáo có lên và hỏi chuyện gây ra án mạng tại thị trấn Sàn. “Mọi người còn cật vấn bị cáo có đồng phạm hay không nên khai ra để được giảm nhẹ tội. Nhưng lúc đó, bị cáo trả lời rằng mọi người không tin thì thôi”, Luyện khai.</p><p class="normal" style="font-size: 16px; background-color: rgb(244, 245, 246); ">Ngay sau khi lên Lạng Sơn, Luyện đã đề cập với cô chú tìm người dẫn sang Trung Quốc và nói dối. "Bị cáo nhận thức thế nào về hành vi của mình?", Luyện cúi đầu im lặng, rồi trả lời “bị cáo sai rồi. Bị cáo mắc lỗi với gia đình nạn nhân”. "Bị cáo có thấy mình bị oan không?", chủ tọa hỏi. "Không", Luyện đáp ráo hoảnh.</p><p class="Normal" style="font-size: 16px; background-color: rgb(244, 245, 246); "><strong>15h10,</strong>&nbsp;sau 50 phút đại diện VKS đã đọc cáo trạng, tòa bắt đầu phần xét hỏi.</p><p class="Normal" style="font-size: 16px; background-color: rgb(244, 245, 246); "></p><p class="Normal" style="font-size: 16px; background-color: rgb(244, 245, 246); ">Luyện khai về việc mượn xe máy của chú rồi mang đi cầm đồ lấy 5,5 triệu đồng. Chủ tọa Thân Quốc Hùng hỏi: “Tại sao lại phải cắm xe?”. Luyện đáp ngay: “Để lấy tiền ăn tiêu”. Và khi hết tiền anh ta mua dao phớ, dao gấp, đèn pin, balô để đi cướp.</p><p class="Normal" style="font-size: 16px; background-color: rgb(244, 245, 246); ">“Bị cáo trình bày diễn biến của hành vi mua những đồ trên để thực hiện cướp”, vị chủ tọa nói. Luyện im lặng, bối rối. Bị nhắc nhở, Luyện mới trả lời rằng không biết gì về tiệm Ngọc Bích, nhưng khi đi ngang qua phố Sàn thấy nơi này có thể dễ dàng gây án nên đã chọn. Tiếp đó Luyện khai nhận hành vi từ khi đột nhập từ bên ngoài qua cây, mái tôn. Đến những diễn biến khi vào bên trong căn nhà, Luyện cho rằng đã trình bày hết với cơ quan điều tra. Anh ta trả lời nhát gừng từng chi tiết, nhiều lần thẩm phán Hùng phải nhắc nhở bị cáo “cứ bình tĩnh trình bày”.</p><table border="0" cellspacing="0" cellpadding="3" width="1" align="center" style="color: rgb(0, 0, 0); font-size: 16px; background-color: rgb(244, 245, 246); "><tbody><tr><td><img src="http://vnexpress.net/Files/Subject/3b/bd/13/91/sao-26-492.jpg" width="490" height="346"></td></tr><tr><td class="Image" style="font-family: Arial; font-size: 8.5pt; ">Rất đông người đổ về khu vực tòa án để theo dõi diễn biến phiên xử qua loa phóng thanh. Ảnh:&nbsp;<em>Hà Anh</em>.</td></tr></tbody></table><p class="Normal" style="font-size: 16px; background-color: rgb(244, 245, 246); ">14h30, đại diện VKS tỉnh Bắc Giang công bố, với mục đích trộm vàng để chuộc chiếc xe máy đem cầm đồ trước đó, ngày 24/8/2011, Luyện đột nhập tiệm vàng Ngọc Bích. Hắn cắt hệ thống camera, chuông báo động, đâm chết vợ chồng chủ tiệm. Con gái lớn của họ (bé Bích) bị chém đứt lìa tay phải, bé út bị giết.</p><p class="Normal" style="font-size: 16px; background-color: rgb(244, 245, 246); ">Khi VKS công bố cụ thể hành vi sát hại dã man vợ chồng nạn nhân Ngọc - Chính, bỗng nhiều tiếng nỉ non. Đến phần Luyện hại chết bé Thảo (18 tháng tuổi) và chém lìa tay bé Bích, rất đông người đã bật khóc thành tiếng, gọi tên những người đã khuất. "Các bị hại giữ bình tĩnh, chúng tôi chia sẻ mất mát, nhưng đây là phiên xử, cần giữ ổn định để HĐXX làm việc”, đại diện VKS đã không ít lần phải dừng lại trấn an. Lực lượng cảnh sát được bố trí dày đặc ngay sau các bị cáo, ngăn cách với phía gia đình nạn nhân. Tại các cửa ra vào của phòng xét xử đều có cảnh sát được trang bị súng và các dụng cụ hỗ trợ đứng chốt.</p><p class="Normal" style="font-size: 16px; background-color: rgb(244, 245, 246); ">Trong khi đó, Luyện cúi gằm đứng trước vành móng ngựa, phía sau là ông Lê Văn Miên (bố Luyện). Ngoài ra còn 5 người thân khác của sát thủ này bị xác định có liên quan gồm Trương Thanh Hồng (anh họ), Lê Thị Định (cô ruột) và Lê Văn Nghi (chú rể) và vợ chồng ông Trương Văn Hợp (bố, mẹ của Hồng) vì hành vi che giấu và không tố giác tội phạm.</p><p class="Normal" style="font-size: 16px; background-color: rgb(244, 245, 246); ">Mẹ của Luyện không có mặt tại phiên xử.</p><p class="Normal" style="font-size: 16px; background-color: rgb(244, 245, 246); "><strong>14h5</strong>'', khi chủ tọa kiểm tra danh tính của 2 người diện gồm Đinh Văn Hương và Trịnh Quốc Sinh, vị công tố đề nghị đại diện các bị hại có đưa những vật chứng, tang chứng ra trước tòa.</p><p class="Normal" style="font-size: 16px; background-color: rgb(244, 245, 246); ">Ông Trịnh Văn Tín (bố của chủ tiệm vàng Ngọc Bích) trình bày: “Các vết nhọn, dao phay đã tìm thấy, vậy các vết hình móng ngựa thu thập trong nhà được xác định là gì?”. Còn ông Sinh, anh trai của nạn nhân Ngọc cho biết, cáo trạng còn thiếu rất nhiều chi tiết so với hiện trường.</p><p class="Normal" style="font-size: 16px; background-color: rgb(244, 245, 246); ">Chủ tọa cho rằng những vấn đề trên các bị hại sẽ được trình bày trong phần thẩm vấn. Ngay sau tuyên bố này, đại diện VKS công bố cáo trạng.</p><table border="0" cellspacing="0" cellpadding="3" width="1" align="center" style="color: rgb(0, 0, 0); font-size: 16px; background-color: rgb(244, 245, 246); "><tbody><tr><td><img src="http://vnexpress.net/Files/Subject/3b/bd/13/91/sao-33-495.jpg" width="495" height="330" border="1" alt="Luyện trong phiên tòa chiều nay."></td></tr><tr><td class="Image" style="font-family: Arial; font-size: 8.5pt; ">Luyện trong phiên tòa chiều nay. Ảnh:&nbsp;<em>Hà Anh</em>.</td></tr></tbody></table><p class="Normal" style="font-size: 16px; background-color: rgb(244, 245, 246); ">Trước đó, luật sư Phạm Văn Huỳnh (bảo vệ quyền lợi của gia đình bị hại) cho hay, việc ông đề xuất hoãn phiên tòa sáng nay là phù hợp cả về luật dân sự và hình sự. “Ngoài việc đại diện các bị hại có quyền lợi về mặt bồi thường dân sự, họ còn có những ý kiến để đề nghị thay đổi các vị trong HĐXX. Việc có mặt của những đại diện này là quan trọng”, ông nói.</p><p class="Normal" style="font-size: 16px; background-color: rgb(244, 245, 246); ">Theo quan sát của&nbsp;<em>VnExpress</em>, khác với buổi sáng, gia đình bị hại có mặt đông đảo trong phòng xử với những vành khăn tang trắng. Cụ ông Trịnh Văn Tín tiếp tục dẫn theo đoàn con cháu ngồi yên vị các hàng ghế phía đầu của phòng xử. Trong căn phòng rộng khoảng 60m2 chật cứng người tham dự.</p><p class="Normal" style="font-size: 16px; background-color: rgb(244, 245, 246); ">Một người thân của gia đình nạn nhân cho biết, hai người đại diện vắng mặt trong phiên xử sáng nay do việc cá nhân đột xuất.</p><p class="Normal" align="right" style="font-size: 16px; background-color: rgb(244, 245, 246); "><strong>Nhóm phóng viên</strong></p>', 'vnexpress', 'sao-26-492.jpg', 'active', 8, '2012-01-10 10:19:09', NULL, NULL, '2012-01-10 10:19:09', NULL, NULL, NULL, NULL, NULL, 1, 1, 1, 0, NULL),
(28, 3, 'Chủ ôtô ''sốc'' với mức phí trông giữ mới  ', 'Từ khi Hà Nội tăng phí trông ôtô, những hôm phải đi họp, gặp đối tác nhiều lần, anh Thành tính sơ sơ tiền gửi xe mất ngót 300.000 đồng.\r\n', '<p class="Normal" style="font-size: 16px; background-color: rgb(244, 245, 246); ">Mới gần 10 ngày kể từ khi Hà Nội tăng mức phí trông giữ ôtô, nhưng nhiều chủ xe đã phát sốt khi phải bỏ ra vài trăm nghìn đồng mỗi ngày cho việc gửi xe.</p><p class="Normal" style="font-size: 16px; background-color: rgb(244, 245, 246); ">Đưa nhóm khách du lịch vào thăm đền Ngọc Sơn, taxi 7 chỗ ghé vào điểm đỗ miễn phí dành cho taxi trên phố Đinh Tiên Hoàng (sát hồ Gươm) để đợi thì một người đàn ông trung tuổi chạy ra đòi thu tiền. Anh Quân, tài xế cho hay, người này đòi "phải trả 50.000 đồng nếu đỗ quá 15 phút".</p><p class="Normal" style="font-size: 16px; background-color: rgb(244, 245, 246); ">"Khách vào thăm đền thì ít cũng phải nửa tiếng mới ra. Vậy là mất chắc 50.000 đồng rồi", anh Quân vừa rít điếu thuốc vừa phân trần, mắt hướng về bãi xe dành cho taxi, xe buýt nhưng chật kín xe tư nhân.</p><table cellspacing="0" cellpadding="3" width="1" align="center" border="0" style="color: rgb(0, 0, 0); font-size: 16px; background-color: rgb(244, 245, 246); "><tbody><tr><td><img src="http://vnexpress.net/Files/Subject/3b/bd/11/1f/nhung_bai_xe_vi_pham_(12).jpg" width="495" height="318"></td></tr><tr><td class="Image" style="font-family: Arial; font-size: 8.5pt; ">Nhiều bãi trông giữ xe hiện nay thu vượt quá mức quy định mới của thành phố.Ảnh:&nbsp;<em>Phương Sơn</em></td></tr></tbody></table><p class="Normal" style="font-size: 16px; background-color: rgb(244, 245, 246); ">Cũng tại bãi xe này, chị Tuyên (phố Đội Cấn) chia sẻ, thông thường gửi ôtô trên phố chỉ mất 20.000-30.000 đồng, nhưng hôm qua chị gửi ở bãi giữ cạnh hồ Gươm một lúc vào mua ít đồ, chạy ra nhân viên trông xe đòi thu tới 50.000 đồng mà chẳng có vé.</p><p class="Normal" style="font-size: 16px; background-color: rgb(244, 245, 246); ">Thực tế, tại bãi trông giữ xe này xe dưới 9 chỗ ngồi phải trả 50.000 đồng cho 120 phút, quá 120 phút phải trả 100.000-120.000 đồng, và không hề được phát vé. Trong khi, theo quy định của UBND TP Hà Nội, từ ngày 1/1/2012, mức phí giữ ôtô dưới 9 chỗ ngồi tối đa chỉ là 40.000 đồng một lượt.</p><p class="Normal" style="font-size: 16px; background-color: rgb(244, 245, 246); ">Dù biết trước quy định mới về giá trông giữ ôtô nhưng anh Thành (làm việc trên phố Hai Bà Trưng) vẫn không khỏi bức xúc khi nhiều lần gửi xe tại phố Phan Chu Trinh phải trả phí quá cao.</p><p class="Normal" style="font-size: 16px; background-color: rgb(244, 245, 246); ">"Vừa gửi chưa đầy 10 phút quay ra đã mất 50.000 đồng, lại còn không có vé thu của bên tài chính. Những ngày phải đi họp, gặp đối tác nhiều lần, tính sơ sơ riêng tiền gửi xe đã mất ngót ngét 300.000 đồng. Chẳng biết số tiền này vào túi ai nữa", anh Thành chia sẻ.</p><p class="Normal" style="font-size: 16px; background-color: rgb(244, 245, 246); ">Cũng theo anh Thành, dù mất hàng trăm nghìn cho việc gửi xe mỗi ngày nhưng do các điểm trông giữ đều không phát vé mà chỉ ghi thông tin vào cuốn sổ theo dõi nên anh vẫn luôn lo nơm nớp vì "chẳng biết nếu xe hư hỏng, mất mát họ sẽ giải quyết ra sao".</p><table cellspacing="0" cellpadding="3" width="1" align="center" border="0" style="color: rgb(0, 0, 0); font-size: 16px; background-color: rgb(244, 245, 246); "><tbody><tr><td><img src="http://vnexpress.net/Files/Subject/3b/bd/11/1f/ho-guom.jpg" width="495" height="339"></td></tr><tr><td class="Image" style="font-family: Arial; font-size: 8.5pt; ">Bãi trông giữ xe trên phố Đinh Tiên Hoàng, thu mỗi lần gửi xe 50.000 đồng, tuy nhiên nhiều người không có vé xe. Ảnh:&nbsp;<em>Phương Sơn</em></td></tr></tbody></table><p class="Normal" style="font-size: 16px; background-color: rgb(244, 245, 246); ">Anh Hải (phố Giảng Võ) thường xuyên gửi xe theo tháng ở bãi Ngọc Khánh đã không khỏi "sốc" khi phải trả phí gửi xe từ 800.000 lên gấp đôi.</p><p class="Normal" style="font-size: 16px; background-color: rgb(244, 245, 246); ">"Nếu thành phố có chủ trương hạn chế ôtô thì cấm sản xuất, cấm nhập khẩu và cấm bán luôn đi, chứ cứ mỗi lúc lại tăng giá vé gấp đôi như thế này, chắc phải tính đến bài bán xe hoặc đi xe máy", anh Hải bức xúc nói.</p><p class="Normal" style="font-size: 16px; background-color: rgb(244, 245, 246); ">Trước việc phí trông giữ ôtô tăng cao, nhiều diễn đàn cũng bàn tán rôm rả. Phần lớn ý kiến đều cho rằng mức tăng như vậy là quá cao và bất hợp lý. "Đồng ý với việc tăng nhưng cũng phải tăng dần dần chứ đùng một cái tăng gấp 4 lần ai mà chịu nổi", một thành viên bức xúc.</p><table cellspacing="0" cellpadding="3" width="1" align="center" border="0" style="color: rgb(0, 0, 0); font-size: 16px; background-color: rgb(244, 245, 246); "><tbody><tr><td><img src="http://vnexpress.net/Files/Subject/3b/bd/11/1f/o_to.jpg" width="495" height="329" alt="Tuy giá trông giữ xe tăng cao nhưng nhiều nơi trông giữ xe, hay trên viat hè, lòng đường tạo những tuyến phố trung tâm đều chật kín xe."></td></tr><tr><td class="Image" style="font-family: Arial; font-size: 8.5pt; ">Tuy giá trông giữ xe tăng cao nhưng nhiều nơi trông giữ xe, hay trên vỉa hè, lòng đường tại những tuyến phố trung tâm đều chật kín xe. Ảnh:&nbsp;<em>Phương Sơn</em></td></tr></tbody></table><p class="Normal" style="font-size: 16px; background-color: rgb(244, 245, 246); ">Trao đổi với&nbsp;<em>VnExpress,&nbsp;</em>đại diện đội Thanh tra Giao thông quận Hoàn Kiếm cho biết, hầu hết bãi trông giữ xe tại quận này đều đã đăng ký giấy phép kinh doanh, "chỉ có một số bãi tự phát vi phạm nhưng chủ yếu tập trung vào những dịp lễ Tết, hội hè và buổi tối nên rất khó kiểm soát và xử lý".</p><p class="Normal" style="font-size: 16px; background-color: rgb(244, 245, 246); ">Anh này cho hay, trước đây có nhận được phản ánh của người dân về việc những bãi gửi xe trên khu vực quanh hồ Gươm như phố Đinh Tiên Hoàng thu giá cao vượt quá quy định, nhưng khi "đi kiểm tra lại không phát hiện, không bắt được tận tay".</p><p class="Normal" style="font-size: 16px; background-color: rgb(244, 245, 246); ">"Hơn nữa xử lý về thu giá quá quy định lại thuộc thẩm quyền của UBND, phường, quận, chúng tôi chỉ có thẩm quyền kiểm tra giám sát, xử lý về những bãi lấn chiếm diện tích và không có giấy phép kinh doanh", vị thanh tra này cho biết thêm.</p><table cellspacing="0" cellpadding="3" width="100%" bgcolor="#e6dafa" border="1" style="color: rgb(0, 0, 0); font-size: 16px; background-color: rgb(244, 245, 246); "><tbody><tr><td><p class="Normal" style="font-size: 11.8pt; ">Theo quy định của UBND thành phố Hà Nội về việc áp dụng giá trông giữ xe ô tô mới. Thì tại các quận Hoàn Kiếm, Ba Đình, Đống Đa, Hai Bà Trưng, mức phí trông xe tối đa với những xe dưới 9 chỗ ngồi là 40.000 đồng, từ 10 chỗ ngồi là 50.000 đồng.</p><p class="Normal" style="font-size: 11.8pt; ">Mức phí trông xe theo tháng, cao nhất là 3,5-4,5 triệu đồng, thấp nhất là 2-2,5 triệu đồng (ở các tuyến phố hạn chế dừng đỗ của 4 quận). Còn lại ở các quận huyện khác, mức phí thấp nhất 300.000 đồng, cao nhất 1,8 triệu đồng một tháng. Ở các khu vực có mái che, mức phí trông ôtô theo tháng tăng hơn một chút.</p><p class="Normal" style="font-size: 11.8pt; ">Còn bên trong các chung cư, trung tâm thương mại, phí gửi ôtô ở quận Hoàn Kiếm, Ba Đình, Đống Đa, Hai Bà Trưng là 40.000 đồng một lượt; các quận khác và huyện Từ Liêm là 30.000 đồng; mức phí ở thị xã Sơn Tây và các huyện còn lại là 25.000 đồng một lượt.</p></td></tr></tbody></table><strong style="font-size: 16px; background-color: rgb(244, 245, 246); "></strong><p class="Normal" align="right" style="font-size: 16px; background-color: rgb(244, 245, 246); "><strong>Phương Sơn</strong></p>', 'vnexpress', 'nhung_bai_xe_vi_pham_(12).jpg', 'active', 31, '2012-01-10 10:49:37', NULL, NULL, '2012-01-10 10:49:37', NULL, NULL, NULL, NULL, NULL, 1, 2, 1, 0, NULL),
(29, 3, 'Băng giá bao phủ Mẫu Sơn  ', 'Xuất hiện trên tường nhà, các lùm cây, thân ôtô và bao phủ trạm biến thế điện..., sáng nay băng giá tràn ngập đỉnh Mẫu Sơn (Lạng Sơn) khi nhiệt độ xuống tới âm 2 độ C.\r\n', '<table cellspacing="0" cellpadding="3" border="0" style="color: rgb(0, 0, 0); font-size: 16px; background-color: rgb(244, 245, 246); "><tbody><tr><td class="Image" style="font-family: Arial; font-size: 8.5pt; "><table id="tbl0" cellspacing="0" cellpadding="3" width="1" align="center" border="0"><tbody><tr><td><img src="http://vnexpress.net/Files/Subject/3b/bd/10/29/bang_gia_0.jpg" width="495" height="329"></td></tr></tbody></table></td></tr><tr><td class="Image" style="font-family: Arial; font-size: 8.5pt; ">Băng phủ trắng cành cây trên đỉnh Mẫu Sơn, nơi có độ cao hơn 1.500 m so với mặt nước biển.</td></tr><tr><td class="Image" style="font-family: Arial; font-size: 8.5pt; "><table id="tbl1" cellspacing="0" cellpadding="3" width="1" align="center" border="0"><tbody><tr><td><img src="http://vnexpress.net/Files/Subject/3b/bd/10/29/bang_gia_1.jpg" width="495" height="329"></td></tr></tbody></table></td></tr><tr><td class="Image" style="font-family: Arial; font-size: 8.5pt; ">Băng nhỏ giọt và cứng lại trên các hàng rào quanh một khách sạn.</td></tr><tr><td class="Image" style="font-family: Arial; font-size: 8.5pt; "><table id="tbl2" cellspacing="0" cellpadding="3" width="1" align="center" border="0"><tbody><tr><td><img src="http://vnexpress.net/Files/Subject/3b/bd/10/29/bang_gia_2.jpg" width="495" height="329"></td></tr></tbody></table></td></tr><tr><td class="Image" style="font-family: Arial; font-size: 8.5pt; ">Nguyên nhân băng có nhiều do tối qua và sáng nay tại đây có mưa nhỏ. Khi nhiệt độ xuống thấp, các hạt mưa đọng lại đóng thành băng.</td></tr><tr><td class="Image" style="font-family: Arial; font-size: 8.5pt; "><table id="tbl3" cellspacing="0" cellpadding="3" width="1" align="center" border="0"><tbody><tr><td><img src="http://vnexpress.net/Files/Subject/3b/bd/10/29/bang_gia_3.jpg" width="495" height="329"></td></tr></tbody></table></td></tr><tr><td class="Image" style="font-family: Arial; font-size: 8.5pt; ">Tại bức tường trên chòi cao nhất, nơi có thể đứng ngắm cảnh vật phía dưới, băng đóng giống hình vảy cá.</td></tr><tr><td class="Image" style="font-family: Arial; font-size: 8.5pt; "><table id="tbl4" cellspacing="0" cellpadding="3" width="1" align="center" border="0"><tbody><tr><td><img src="http://vnexpress.net/Files/Subject/3b/bd/10/29/bang_gia_4.jpg" width="495" height="330"></td></tr></tbody></table></td></tr><tr><td class="Image" style="font-family: Arial; font-size: 8.5pt; ">Các bông hoa và lá cũng bị bao bọc bởi một lớp băng dầy vài mm.</td></tr><tr><td class="Image" style="font-family: Arial; font-size: 8.5pt; "><table id="tbl5" cellspacing="0" cellpadding="3" width="1" align="center" border="0"><tbody><tr><td><img src="http://vnexpress.net/Files/Subject/3b/bd/10/29/bang_gia_5.jpg" width="495" height="329"></td></tr></tbody></table></td></tr><tr><td class="Image" style="font-family: Arial; font-size: 8.5pt; ">Trạm biến thế điện.</td></tr><tr><td class="Image" style="font-family: Arial; font-size: 8.5pt; "><table id="tbl6" cellspacing="0" cellpadding="3" width="1" align="center" border="0"><tbody><tr><td><img src="http://vnexpress.net/Files/Subject/3b/bd/10/29/bang_gia_7.jpg" width="495" height="329"></td></tr></tbody></table></td></tr><tr><td class="Image" style="font-family: Arial; font-size: 8.5pt; ">Băng quấn quanh khung cửa sổ một ngôi nhà.</td></tr><tr><td class="Image" style="font-family: Arial; font-size: 8.5pt; "><table id="tbl7" cellspacing="0" cellpadding="3" width="1" align="center" border="0"><tbody><tr><td><img src="http://vnexpress.net/Files/Subject/3b/bd/10/29/bang_gia_8.jpg" width="495" height="329"></td></tr></tbody></table></td></tr><tr><td class="Image" style="font-family: Arial; font-size: 8.5pt; ">Chiếc xe tải sau khi đỗ trước cửa nhà qua đêm.</td></tr><tr><td class="Image" style="font-family: Arial; font-size: 8.5pt; "><table id="tbl8" cellspacing="0" cellpadding="3" width="1" align="center" border="0"><tbody><tr><td><img src="http://vnexpress.net/Files/Subject/3b/bd/10/29/bang_gia_9.jpg" width="495" height="329"></td></tr></tbody></table></td></tr><tr><td class="Image" style="font-family: Arial; font-size: 8.5pt; ">Hàng rào dây thép gai cũng biến thành màu trắng trong suốt.</td></tr><tr><td class="Image" style="font-family: Arial; font-size: 8.5pt; "><table id="tbl9" cellspacing="0" cellpadding="3" width="1" align="center" border="0"><tbody><tr><td><img src="http://vnexpress.net/Files/Subject/3b/bd/10/29/bang_gia_10.jpg" width="495" height="329"></td></tr></tbody></table></td></tr><tr><td class="Image" style="font-family: Arial; font-size: 8.5pt; ">Cây đào rừng.</td></tr><tr><td class="Image" style="font-family: Arial; font-size: 8.5pt; "><table id="tbl10" cellspacing="0" cellpadding="3" width="1" align="center" border="0"><tbody><tr><td><img src="http://vnexpress.net/Files/Subject/3b/bd/10/29/bang_gia_11.jpg" width="495" height="329"></td></tr></tbody></table></td></tr><tr><td class="Image" style="font-family: Arial; font-size: 8.5pt; "><table id="tbl11" cellspacing="0" cellpadding="3" width="1" align="center" border="0"><tbody><tr><td><img src="http://vnexpress.net/Files/Subject/3b/bd/10/29/bang_gia_12.jpg" width="495" height="329"></td></tr></tbody></table></td></tr><tr><td class="Image" style="font-family: Arial; font-size: 8.5pt; ">Băng trên cây cảnh trước hiên nhà.</td></tr></tbody></table><table cellspacing="0" cellpadding="3" width="100%" bgcolor="#e6e6ff" border="1" style="color: rgb(0, 0, 0); font-size: 16px; background-color: rgb(244, 245, 246); "><tbody><tr><td class="Normal" style="font-size: 11.8pt; ">Sáng 5/1, nhiệt độ thấp nhất ở Hà Nội là 8 độ C. Đây là ngưỡng thấp nhất ở thủ đô từ đầu đông tới nay. Ở vùng núi phía Bắc, Sapa 2 độ C, đèo Pha Đin 5 độ C, Sìn Hồ 6 độ C... Vùng đồng bằng Bắc Bộ nhiệt độ cũng xuống thấp: Bắc Giang, Chí Linh (Hải Dương) 7 độ C.</td></tr></tbody></table><a href="http://vnexpress.net/gl/xa-hoi/2012/01/bang-gia-bao-phu-mau-son/page_2.asp" class="Normal" style="font-size: 16px; color: rgb(0, 0, 0); background-color: rgb(244, 245, 246); "><strong>&gt;&gt; Xem tiếp</strong></a><span style="font-size: 16px; background-color: rgb(244, 245, 246); "></span><p class="Normal" align="right" style="font-size: 16px; background-color: rgb(244, 245, 246); "><strong designtimesp="22741">Hoàng Hà</strong></p>', 'vnexpress', 'bang_gia_0.jpg', 'active', 11, '2012-01-10 10:51:10', NULL, NULL, '2012-01-10 10:51:10', NULL, NULL, NULL, NULL, NULL, 1, 0, 1, 0, NULL);
INSERT INTO `news_article` (`article_id`, `category_id`, `title`, `description`, `content`, `author`, `image`, `status`, `num_views`, `created_date`, `created_user_id`, `created_user_name`, `updated_date`, `updated_user_id`, `updated_user_name`, `activate_user_id`, `activate_user_name`, `activate_date`, `allow_comment`, `num_comments`, `is_hot`, `ordering`, `language`) VALUES
(30, 3, '12 năm đón xuân xa nhà  ', 'Mong rằng một ngày rất gần tôi lại được trở lại thăm quê hương cùng gia đình vào dịp Tết, để có lại đươc cơ hội đi chợ Tết, ngắm những cành mai vàng rực, những cái bánh chưng xanh và những trái dưa hấu đỏ. (Nguyễn Vũ, Tennessee, Mỹ)\r\n', '<p class="Normal" style="font-size: 16px; background-color: rgb(244, 245, 246); ">12 năm xa quê hương thấm thoắt qua đi, cũng chính là 12 mùa xuân tôi không được cảm nhận vị Tết quê hương bên gia đình và người thân. Cũng ngày này 12 năm trước, gạt nước mắt bỏ lại quê hương, mái ấm, tình thương, trường lớp, bạn bè, để bước qua một bước ngoặt của cuộc đời.</p><p class="Normal" style="font-size: 16px; background-color: rgb(244, 245, 246); ">Từng mùa xuân lạnh lẽo trên đất khách trôi qua đời tôi như nó chưa từng tồn tại bao giờ. Vô tình hôm nay lên&nbsp;<em>VnExpress</em>&nbsp;thấy cuộc thi Xuân Quê Hương, không phải vì ý định đoạt giải hay vì lý do cá nhân gì, tôi chỉ mượn cây viết ghi vài dòng tâm sự gửi lên tòa soạn hi vong chia sẻ chút niềm vui với các bạn xa gần trên toàn thế giới một chút gì đó gọi là không khí Tết xa quê hương.</p><table cellspacing="0" cellpadding="3" width="1" align="center" border="0" style="color: rgb(0, 0, 0); font-size: 16px; background-color: rgb(244, 245, 246); "><tbody><tr><td><p align="center"><img src="http://vnexpress.net/Files/Subject/3b/bd/14/7c/xuan_que_huong_vu_1.jpg" width="480" height="321" align="center"></p></td></tr><tr><td class="Image" style="font-family: Arial; font-size: 8.5pt; ">Mai vàng nở rộ mỗi khi xuân về. Ảnh tác giả cung cấp.</td></tr></tbody></table><p class="Normal" style="font-size: 16px; background-color: rgb(244, 245, 246); ">Phải nói là ai cũng vậy, cái Tết đầu tiên xa quê hương lúc nào cũng thật buồn, thật nhớ. Tôi nhớ rất rõ như mới xảy ra ngày hôm qua. Không bánh chưng, bánh tét, không dưa hấu, hạt dưa, không mai vàng, pháo đỏ. Đối với một người du học sinh 18 tuổi, Tết năm đó tôi ngỡ như mình đang trong một cơn ác mộng.</p><p class="Normal" style="font-size: 16px; background-color: rgb(244, 245, 246); ">Cái tiết trời mùa xuân bên đất Mỹ lạnh thấu xương như càng giày xéo tôi trên mảnh đất xa lạ mà mọi người cho là thiên đường trên trái đất. Trời đất âm u, tuyết phủ trắng xóa, nằm trên giường nhớ gia đình tha thiết, nước mắt cứ tuôn ra đến cả bản thân cũng chẳng hay biết mặc dù lúc nào tôi cũng phải ra mặt mạnh mẽ với gia đình vì mang tiếng là người tiên phong xuất ngoại.</p><p class="Normal" style="font-size: 16px; background-color: rgb(244, 245, 246); ">“Vũ thương yêu của mẹ !...” những dòng chữ thân thương của mẹ để lại trước khi đi học mà tôi đã đọc đi đọc lại không biết bao nhiêu lần cứ mỗi lần nhớ nhà. Cái nỗi buồn đó tôi không biết phải dùng ngôn từ nào, câu văn nào có thể diễn đạt được. Hơn khi nào hết, tôi chỉ muốn và cần 1 phút ngắn ngủi để được bên mẹ, bên ba, bên anh em chuẩn bị đón xuân.</p><p class="Normal" style="font-size: 16px; background-color: rgb(244, 245, 246); ">Và cứ thế thời gian cứ trôi qua, ngày nào tôi cũng đi học, đi làm mưu sinh mà không dám đòi hỏi sự giúp đỡ nào của gia đình, tôi dường như đã tự sống, tự tìm hiểu mọi cách để hòa nhập vào cộng đồng người Mỹ. Tôi phải đi phục vụ cho một nhà hàng, chiu phải mọi sự, sai bảo, và làm những công việc nặng nhọc nhất để kiếm chút tiền đóng học phí.</p><p class="Normal" style="font-size: 16px; background-color: rgb(244, 245, 246); ">Tôi chịu đựng như chưa từng bao giờ chịu đựng để đến khi nói chuyện với mẹ trên điện thoại cũng phải vui cười “con bên này sướng lắm, đi xe hơi, ở nhà Mỹ, ăn hamburger…”.</p><p class="Normal" style="font-size: 16px; background-color: rgb(244, 245, 246); ">Thấm thoát đã 12 mùa xuân xa nhà, tuy không trở thành kỹ sư hay bác sĩ mà hầu như gia đình người Việt Nam mình đều mong muốn, nhưng ít ra tôi cũng đã giúp đỡ gia đình phần nào lo cho 2 đứa em ăn học và quan trọng hơn là tôi đã trưởng thành và thấu hiểu cái gì gọi là tình thương, tình người, và quan trong hơn cả tôi biết gia đình và quê hương quan trọng đối với tôi như thế nào.</p><p class="Normal" style="font-size: 16px; background-color: rgb(244, 245, 246); ">Và tính tới thời điểm này, ngay cả sau khi ba má tôi đã được qua Mỹ đoàn tụ với tôi và người anh sống ở Texas, Tết năm nay tôi vẫn không được gần gia đình vì ba mẹ tôi đã về Việt nam du lịch sau 8 tháng trên đất Mỹ.</p><p class="Normal" style="font-size: 16px; background-color: rgb(244, 245, 246); ">Buồn nhưng cũng vui, buồn là vì lại phải thui thủi một mình cắn hạt dưa cho qua ngày mùng một rồi đi làm tiếp, vui là vì ba mẹ tôi có thể gần 2 đứa em vẫn đang ở Việt Nam. Tụi nó cả hơn 25 năm nay ăn Tết đều có ba mẹ, năm nay mà không gặp ba mẹ chắc tụi nó buồn lắm. Nghĩ thế cho nên tôi cũng cảm thấy vui lây cho tui nó.</p><p class="Normal" style="font-size: 16px; background-color: rgb(244, 245, 246); ">Mong rằng một ngày rất gần tôi lại được trở lại thăm quê hương cùng gia đình vào dịp Tết, để có lại đươc cơ hội đi chợ Tết, ngắm những cành mai vàng rực, những cái bánh chưng xanh và những trái dưa hấu đỏ. Mong rằng nàng xuân sẽ mỉm cười với tất cả mọi người.</p><p class="Normal" style="font-size: 16px; background-color: rgb(244, 245, 246); ">Con chúc ba má và các anh em có một năm mới thật vui vẻ và hạnh phúc giống như những gì má luôn dạy “giàu sang, phú quí không quan trọng, con hãy sống sao cho mình vui, gia đình hòa thuận và mọi người hạnh phúc đó là điều đáng quí nhất”. Cảm ơn ba mẹ đã nuôi dạy 4 anh em tụi con nên người.</p><p class="Normal" style="font-size: 16px; background-color: rgb(244, 245, 246); ">Con trai của ba mẹ,&nbsp;<br><br>PS: không biết cây mai nhà mình năm nay có đẹp giống như trong tấm hình năm ngoái ba gửi cho con không?</p><p class="Normal" align="right" style="font-size: 16px; background-color: rgb(244, 245, 246); "><strong>Nguyễn Vũ</strong></p>', 'Vnexpress', 'xuan_que_huong_vu_1.jpg', 'active', 34, '2012-01-12 01:20:27', NULL, NULL, '2012-01-12 01:20:27', NULL, NULL, NULL, NULL, NULL, 1, 1, 1, 0, NULL),
(31, 3, 'Chợ hoa Việt ở Little Saigon  ', 'Chợ hoa của người Việt tại Little Saigon, bang California, Mỹ những ngày giáp Tết này hết sức tấp nập và rực rỡ với mai vàng, hoa lan, với những cây quất truyền thống và nụ tầm xuân e ấp báo xuân về. (Tuy Can, Mỹ)\r\n', '<table cellspacing="0" cellpadding="3" width="1" align="center" border="0" style="color: rgb(0, 0, 0); font-size: 16px; background-color: rgb(244, 245, 246); "><tbody><tr><td><img src="http://vnexpress.net/Files/Subject/3b/bd/13/c6/xuan_que_huong_tuy_can.jpg" width="480" height="320"></td></tr><tr><td class="Image" style="font-family: Arial; font-size: 8.5pt; ">Một người Việt bên những nụ tầm xuân tại chợ hoa Việt trên đất Mỹ.</td></tr></tbody></table><table cellspacing="0" cellpadding="3" width="1" align="center" border="0" style="color: rgb(0, 0, 0); font-size: 16px; background-color: rgb(244, 245, 246); "><tbody><tr><td class="BreakLine" style="font-family: Arial; font-size: 1pt; "><font color="#FFFFFF"></font></td></tr><tr><td><table cellspacing="0" cellpadding="3" width="1" align="center" border="0"><tbody><tr><td><img src="http://vnexpress.net/Files/Subject/3b/bd/13/c6/xuan_que_huong_tuy_can_(1).jpg" width="480" height="320"></td></tr><tr><td class="Image" style="font-family: Arial; font-size: 8.5pt; ">Chợ hoa Phước Lộc Thọ và chợ hoa Ngọc Quang là hai chợ hoa xuân phục vụ bà con người Việt sinh sống tại quận Cam, bang California, Mỹ. Chợ mở cửa từ 6/1 và kéo dài đến hết 21/2/2012.</td></tr></tbody></table></td></tr></tbody></table><table cellspacing="0" cellpadding="3" width="1" align="center" border="0" style="color: rgb(0, 0, 0); font-size: 16px; background-color: rgb(244, 245, 246); "><tbody><tr><td><img src="http://vnexpress.net/Files/Subject/3b/bd/13/c6/xuan_4.jpg" width="320" height="480"></td></tr><tr><td class="Image" style="font-family: Arial; font-size: 8.5pt; ">Một người nước ngoài mua cây tại chợ hoa Việt.</td></tr></tbody></table><table cellspacing="0" cellpadding="3" width="1" align="center" border="0" style="color: rgb(0, 0, 0); font-size: 16px; background-color: rgb(244, 245, 246); "><tbody><tr><td><p align="center"><img src="http://vnexpress.net/Files/Subject/3b/bd/13/c6/xuan_1.jpg" width="480" height="320" align="center"></p></td></tr><tr><td class="Image" style="font-family: Arial; font-size: 8.5pt; ">Cuộc thi nấu bánh chưng, bánh tét của cộng đồng người Việt trong thương xá Phước Lộc Thọ.</td></tr></tbody></table><table cellspacing="0" cellpadding="3" width="1" align="center" border="0" style="color: rgb(0, 0, 0); font-size: 16px; background-color: rgb(244, 245, 246); "><tbody><tr><td><p align="center"><img src="http://vnexpress.net/Files/Subject/3b/bd/13/c6/xuan_3.jpg" width="480" height="320" align="center"></p></td></tr><tr><td class="Image" style="font-family: Arial; font-size: 8.5pt; ">Trong chợ cũng bán rất nhiều trái cây của Việt Nam.</td></tr></tbody></table><table cellspacing="0" cellpadding="3" width="1" align="center" border="0" style="color: rgb(0, 0, 0); font-size: 16px; background-color: rgb(244, 245, 246); "><tbody><tr><td><p align="center"><img src="http://vnexpress.net/Files/Subject/3b/bd/13/c6/xuan_que_huong_tuy_can_(4).jpg" width="480" height="320" align="center"></p></td></tr><tr><td class="Image" style="font-family: Arial; font-size: 8.5pt; ">Những cây quất đặc trưng trong Tết âm lịch.</td></tr></tbody></table><table cellspacing="0" cellpadding="3" width="1" align="center" border="0" style="color: rgb(0, 0, 0); font-size: 16px; background-color: rgb(244, 245, 246); "><tbody><tr><td><p align="center"><img src="http://vnexpress.net/Files/Subject/3b/bd/13/c6/xuan_que_huong_tuy_can_(5).jpg" width="480" height="320" align="center"></p></td></tr><tr><td class="Image" style="font-family: Arial; font-size: 8.5pt; ">Người phụ nữ chọn lựa giữa một "rừng" hoa lan.</td></tr></tbody></table><table cellspacing="0" cellpadding="3" width="1" align="center" border="0" style="color: rgb(0, 0, 0); font-size: 16px; background-color: rgb(244, 245, 246); "><tbody><tr><td><p align="center"><img src="http://vnexpress.net/Files/Subject/3b/bd/13/c6/xuan_6.jpg" width="480" height="320" align="center"></p></td></tr><tr><td class="Image" style="font-family: Arial; font-size: 8.5pt; ">Cây cảnh và bình gốm sứ đón Tết mang đậm phong cách Việt.</td></tr></tbody></table><table cellspacing="0" cellpadding="3" width="1" align="center" border="0" style="color: rgb(0, 0, 0); font-size: 16px; background-color: rgb(244, 245, 246); "><tbody><tr><td><p align="center"><img src="http://vnexpress.net/Files/Subject/3b/bd/13/c6/xuan_5.jpg" width="480" height="320" align="center"></p></td></tr><tr><td class="Image" style="font-family: Arial; font-size: 8.5pt; ">Gian hàng bán đồ trang trí Tết trong chợ ngập tràn sắc đỏ đón xuân.</td></tr></tbody></table><p class="Normal" align="right" style="font-size: 16px; background-color: rgb(244, 245, 246); "><strong>Tuy Can</strong></p>', 'Vnexpress', 'xuan_4.jpg', 'active', 13, '2012-01-12 01:25:53', NULL, NULL, '2012-01-12 01:25:53', NULL, NULL, NULL, NULL, NULL, 1, 0, 1, 0, NULL),
(32, 2, '''Tôi không thể tuyên án tử hình Lê Văn Luyện''  ', '"Tội của Luyện có thể tuyên tử hình nhưng theo luật, mức án với bị cáo chưa đủ tuổi thành niên tối đa là 18 năm, chúng tôi không thể làm khác. Biết không bị tử hình nên thái độ của Luyện trước tòa rất dưng dưng", thẩm phán Thân Quốc Hùng chia sẻ. \r\n', '<p class="Normal" style="font-size: 16px; background-color: rgb(244, 245, 246); ">-&nbsp;<em>Là người cầm trịch phiên xử vụ án được dư luận quan tâm suốt nhiều tháng qua, ông thấy có áp lực gì?</em></p><p class="Normal" style="font-size: 16px; background-color: rgb(244, 245, 246); ">- Đây là vụ án giết người, cướp của đặc biệt nghiêm trọng xảy ra trên địa bàn tỉnh Bắc Giang, được dư luận cả nước quan tâm, theo dõi sát sao. Tôi đã phải nghiên cứu rất kỹ hồ sơ vụ án để có phương hướng xét hỏi và điều khiển phiên tòa có được bản án đúng người, đúng tội.</p><p class="Normal" style="font-size: 16px; background-color: rgb(244, 245, 246); ">Gia đình nạn nhân đã chịu mất mát quá lớn nên dễ hiểu họ sẽ có những phản ứng trong quá trình xét xử. TAND tỉnh Bắc Giang đã lên phương án bảo vệ nghiêm ngặt, nhằm tránh tình trạng không hay có thể xảy ra. Việc ứng xử, điều hành phiên tòa này cần thể hiện sự linh hoạt, mềm dẻo nhưng không thể thiếu tính kiên quyết. Vì thế, cho đến bây giờ tôi không cảm thấy bị áp lực gì.</p><table border="0" cellspacing="0" cellpadding="3" width="1" align="center" style="color: rgb(0, 0, 0); font-size: 16px; background-color: rgb(244, 245, 246); "><tbody><tr><td><img src="http://vnexpress.net/Files/Subject/3b/bd/14/b2/hung.jpg" width="490" height="335"></td></tr><tr><td class="Image" style="font-family: Arial; font-size: 8.5pt; ">Thẩm phán Thân Quốc Hùng, Phó chánh tòa hình sự, làm chủ tọa phiên xử Lê Văn Luyện.&nbsp;<em>Ảnh: Hà Anh</em></td></tr></tbody></table><p class="Normal" style="font-size: 16px; background-color: rgb(244, 245, 246); ">-&nbsp;<em>Thưa thẩm phán, tại phiên xử gia đình bị hại cũng như luật sư bảo vệ quyền lợi của họ đã trình bày, nêu chứng cứ về nghi vấn Luyện có đồng phạm.</em>&nbsp;<em>Tòa đã căn cứ vào đâu để bác điều này?</em></p><p class="Normal" style="font-size: 16px; background-color: rgb(244, 245, 246); ">- Vấn đề Luyện có đồng phạm hay không phải trên cơ sở điều tra. Khi ra bản án, ngoài lời khai tại phiên xử, chúng tôi xét xử dựa vào những kết quả khám nghiệm hiện trường và nhiều chứng cứ khách quan khác.... Song tất cả kết quả thu thập đều cho thấy không có đồng phạm trong vụ án này. Vụ án đã quá rõ ràng nên TAND tỉnh Bắc Giang mới có kết luận không có đồng phạm.</p><p class="Normal" align="left" style="font-size: 16px; background-color: rgb(244, 245, 246); ">Nếu mai kia có dấu hiệu mới thì phía cơ quan điều tra sẽ điều tra lại và chúng tôi sẽ tái xét xử vụ án.</p><p class="Normal" style="font-size: 16px; background-color: rgb(244, 245, 246); ">-&nbsp;<em>Gia đình bị hại không đồng ý với bản án 18 năm dành cho Lê Văn Luyện. Là chủ tọa phiên tòa, ông giải thích gì về việc ra bản án trên?</em></p><p class="Normal" style="font-size: 16px; background-color: rgb(244, 245, 246); ">- Trong vụ án, Luyện gây ra cái chết thương tâm cho 3 nạn nhân và cháu Bích may mắn thoát chết là ngoài ý muốn của anh ta. Hành vi của Luyện đã phạm vào tội giết người dã man, có tính chất côn đồ..., khung hình phạt có thể lên tới tử hình. Tuy nhiên, luật pháp Việt Nam đã có quy định về bản án dành cho đối tượng chưa đủ tuổi thành niên là tổng cộng không quá 18 năm. Vì vậy, mức phạt với Luyện phải theo luật, chúng tôi không thể làm khác được.</p><p class="Normal" style="font-size: 16px; background-color: rgb(244, 245, 246); ">-&nbsp;<em>Từng tham gia xét xử nhiều vụ án giết người, ông thấy thái độ của Luyện trong hai ngày vừa qua như thế nào?</em></p><p class="Normal" style="font-size: 16px; background-color: rgb(244, 245, 246); ">- Tôi cho rằng Luyện khai nhận thành khẩn hành vi phạm tội. Trước khi phiên xử diễn ra, tôi đã lo Luyện sẽ không khai, đó là quyền của bị cáo. Lúc đó, việc xét hỏi sẽ rất mất thời gian, sẽ phải công bố lời khai của Luyện trước đó tại cơ quan điều tra với hàng trăm bút lục.</p><p class="Normal" style="font-size: 16px; background-color: rgb(244, 245, 246); ">Thực tế, đầu phần thẩm vấn, khi tôi yêu cầu: "Bị cáo khai lại hành vi phạm tội của mình”, Luyện đã rè rặt, tỏ vẻ bất hợp tác khi trả lời “đã khai hết tại cơ quan điều tra”. Tuy nhiên, bằng việc áp dụng biện pháp tâm lý, HĐXX cũng đã buộc được anh ta phải khai rõ lại quá trình gây án.</p><p class="Normal" style="font-size: 16px; background-color: rgb(244, 245, 246); ">-&nbsp;<em>Người theo dõi phiên tòa nhận thấy Luyện không tỏ ra lo sợ, suy sụp như những trường hợp bị xét xử về tội giết người có khung hình phạt lên tới tử hình. Ông lý giải gì về điều này?</em></p><p class="Normal" style="font-size: 16px; background-color: rgb(244, 245, 246); ">- Vụ thảm án tại tiệm vàng Ngọc Bích là quá nghiêm trọng. Theo tôi, có thể qua nhiều “kênh” khác nhau, Luyện biết được không bị tử hình nên thái độ rất dửng dưng.</p><p class="Normal" align="right" style="font-size: 16px; background-color: rgb(244, 245, 246); "><strong>Việt Dũng – Hà Anh</strong></p>', 'Vnexpress', 'hung.jpg', 'active', 43, '2012-01-12 03:58:02', NULL, NULL, '2012-01-12 03:58:02', NULL, NULL, NULL, NULL, NULL, 1, 2, 1, 0, NULL),
(33, 4, 'Chợ Quảng Ngãi cháy, thiệt hại khoảng 200 tỷ đồng', '4h sáng nay, ngọn lửa bùng phát rồi nhanh chóng lan rộng thiêu rụi chợ đầu mối lớn nhất Quảng Ngãi. Khoảng 200 tỷ đồng hàng hóa của hơn 400 hộ kinh doanh trong phút chốc biến thành tro tàn.', 'Chợ Quảng Ngãi cháy, thiệt hại khoảng 200 tỷ đồng\r\n4h sáng nay, ngọn lửa bùng phát rồi nhanh chóng lan rộng thiêu rụi chợ đầu mối lớn nhất Quảng Ngãi. Khoảng 200 tỷ đồng hàng hóa của hơn 400 hộ kinh doanh trong phút chốc biến thành tro tàn.\r\n*Ảnh: Cháy chợ Quảng Ngãi\r\n\r\nLửa phát ra từ hàng giày dép tại chân cầu thang số 3 của chợ, sau đó lan sang các quầy hàng khác. Bảo vệ tỉnh dậy vội đi ngắt cầu dao điện, dùng bình xịt dập lửa, nhưng không thành. "Sau đó gần đến 5h họ mới gọi lực lượng cứu hỏa thì ngọn lửa đã bùng lớn lên rồi", bà Trần Thị Lan, một tiểu thương bán thịt ở chợ Quảng Ngãi kể.\r\nChợ Quảng Ngãi- chợ đầu mối trung tâm của tỉnh này bốc cháy kéo dài từ 4 giờ sáng đến 8 giờ sáng nay vẫn chưa thể dập tắt. Ảnh: Trí Tín\r\nChợ Quảng Ngãi, chợ đầu mối trung tâm của tỉnh này bốc cháy kéo dài từ 4h sáng đến 8h sáng nay vẫn chưa thể dập tắt. Ảnh: Trí Tín\r\n\r\nChỉ sau một tiếng, ngọn lửa đã bao trùm cả khu chợ rộng 5.000 m2, cao 2 tầng. Cột khói khổng lồ cao hàng trăm mét tỏa mùi khét lẹt. Hàng trăm tiểu thương ở những kiốt xung quanh chợ hoảng loạn di dời hàng hóa, đồ đạc vì sợ lửa cháy lan.\r\n\r\nCông an Quảng Ngãi đã điều động hàng trăm lính cứu hỏa đến hiện trường, song cột lửa quá lớn nên phải cầu cứu sự chi viện của tỉnh Quảng Nam. Lực lượng chữa cháy của nhà máy lọc dầu Dung Quất cũng được huy động đến dập lửa. Bí thư Tỉnh ủy Quảng Ngãi Võ Văn Thưởng cho hay, tổng cộng gần 500 cảnh sát, quân đội, dân quân cùng gần 10 xe cứu hỏa tham gia cứu chữa.\r\n\r\nĐến 10h sáng, lửa vẫn chưa được dập tắt hẳn. Không gian sặc sụa mùi cháy của hàng hóa và hóa chất. Các ngả đường vẫn bị chốt chặn để lực lượng chữa cháy làm nhiệm vụ cứu hỏa. Hàng trăm tiểu thương cùng người thân đứng đợi bên ngoài với tâm trạng bần thần, lo lắng...\r\n\r\nBà Nguyễn Thị Lệ, chủ gian hàng giày dép ở chợ cho biết, gần 4h sáng bà nhận được tin từ các bạn hàng là cháy chợ phải đến dọn gấp. "Tôi vội vàng lao đến, lửa cháy hừng hực, bảo vệ không cho vào. Hàng hóa giày dép của tôi vậy là tiêu hết rồi", bà Lệ lo lắng. Tổng giá trị giày dép trong gian hàng của bà Lệ khoảng 500 triệu đồng.\r\n\r\nCòn ông Đặng Văn Hùng hôm qua mới nhập về 6 tấn bánh kẹo trị giá 60 triệu đồng. Trong kho còn khoảng 7-8 tấn bánh kẹo nữa, ước tính 300 triệu đồng. Tất cả đều để ở gian hàng tại chợ. "Vợ tôi nghe tin cháy đã ngất xỉu. Thôi thế là cháy hết rồi, chỉ mong lửa tắt để vào tìm xem có còn cuốn sổ nợ hay không, bao nhiêu nợ nần ở trong đấy cả", ông Hùng buồn rầu nói.\r\nNhiều tiểu thương có ki ốt, gian hàng xung quanh chợ Quảng Ngãi hoảng loạn di dời hàng hóa vì sợ ngọn lửa lây lan thiêu rụi. Ảnh: Trí Tín\r\nNhiều tiểu thương có kiốt, gian hàng xung quanh chợ Quảng Ngãi hoảng loạn di dời hàng hóa vì sợ ngọn lửa lây lan thiêu rụi. Ảnh: Trí Tín\r\n\r\nĐến 11h trưa, ngọn lửa đã cơ bản được khống chế, tuy nhiên khói vẫn nghi ngút, bốc mùi khét lẹt tỏa ra khắp khu dân cư xung quanh. Hàng hóa gồm vải, mỹ phẩm, giày dép, nông sản... cháy đen nham nhở. Bị nung trong 7 tiếng, chợ Quảng Ngãi được xây dựng từ sau giải phóng có nguy cơ sập bất cứ lúc nào.\r\n\r\nTrao đổi với VnExpress.net, ông Châu Lâm Bình, Phó giám đốc Ban quản lý chợ Quảng Ngãi cho biết, hỏa hoạn đã gây thiệt hại nặng cho 424 hộ tiểu thương, thiêu rụi 682 lô, sạp hàng hóa với gần 617 tấn hàng. Ước thiệt hại 200 tỷ đồng. Trung bình mỗi hộ tiểu thương thiệt hại trong vụ cháy chợ này từ 500 triệu đến một tỷ đồng, có hộ thiệt hại nặng đến 5-7 tỷ đồng.\r\n\r\nNguyên nhân cháy chợ, các cơ quan chức năng xác định ban đầu nhiều khả năng là do chập điện. Chiều nay, UBND tỉnh Quảng Ngãi sẽ tổ chức họp khẩn tìm giải pháp giải quyết khó khăn trước mắt cho hàng trăm tiểu thương.\r\n\r\nCháy chợ ở Bà Rịa - Vũng Tàu trong đêm\r\n\r\n20h45 tối 8/2, khi chợ Hòa Hiệp (Xuyên Mộc, Bà Rịa - Vũng Tàu) đóng cửa thì đám cháy bùng lên dữ dội tại khu nhà chính bán quần áo, vải, giày dép… Do đây là các mặt hàng dễ cháy nên ngọn lửa không ngừng lan rộng và bao trùm diện tích khoảng 1.000 m2 của nhà chợ.\r\n\r\nDo chợ Hòa Hiệp nằm ở vùng xa nên lực lượng cứu hỏa của huyện đã không vào kịp. Người dân xung quanh phải ứng phó bằng cách lôi vòi nước của gia đình ra dập lửa. Hàng trăm tiểu thương sống xung quanh nghe tin cháy chợ đã nháo nhào chạy đến di tản hàng hóa.\r\n\r\nSau gần một giờ, ngọn lửa đã được khống chế để không cháy lan sang khu khác. Không có thiệt hại về người nhưng "bà hỏa" đã thiêu rụi toàn bộ khu nhà lồng chợ.\r\n\r\nTrí Tín - Đức Đồng\r\n', 'vnExpress', '_Chay_cho.jpg', 'active', 2, '2012-02-09 00:00:00', NULL, NULL, '2012-02-09 00:00:00', NULL, NULL, NULL, NULL, NULL, 1, 0, 1, 0, NULL),
(34, 4, 'Nhà sử học trong căn phòng 6 m2 ', 'Căn phòng 6 m2 của giáo sư sử học Lê Văn Lan trên phố Nguyễn Văn Tố (Hà Nội) từng được nhiều chính khách tới thăm, song hầu hết phải đứng vì không có chỗ ngồi.', 'Căn phòng 6 m2 của giáo sư sử học Lê Văn Lan trên phố Nguyễn Văn Tố (Hà Nội) từng được nhiều chính khách tới thăm, song hầu hết phải đứng vì không có chỗ ngồi.\r\n> Rồng Việt Nam từ khởi nguồn đến hiện đại\r\n*Clip GS Lê Văn Lan trong căn phòng 6 m2\r\n\r\nKết thúc buổi giảng bài cho vài sinh viên nước ngoài, GS Lê Văn Lan thong thả tản bộ về nhà trên phố Nguyễn Văn Tố (quận Hoàn Kiếm), cách nơi dạy chừng một km. Cất túi vải lên một chồng sách, ông lại xuống quán cơm cạnh chợ Hàng Da mua một suất cơm hộp. "Hơn chục năm nay tôi sống một mình, ăn một mình. Bà bán cơm đã quen đến nỗi nhìn thấy tôi thì tự động lấy cơm và đồ ăn cho vào hộp, tôi cũng tự động lấy 25.000 đồng đưa cho bà mà không cần nói thêm câu nào", ông cười giải thích.\r\n\r\nLà một trong những người sáng lập Viện Sử học Việt Nam, GS Lê Văn Lan nhiều năm làm cố vấn lịch sử cho các chương trình, chuyên mục truyền hình và báo chí, tiêu biểu như Đường lên đỉnh Olympia. Khi nghỉ hưu, ông được hưởng lương hưu ngang với bậc lương thứ trưởng, nhưng lại chọn cuộc sống bình dị trong căn phòng 6 m2 chất đầy sách. Đồ đạc chỉ bộ bàn ghế ngồi làm việc và duy nhất một chiếc ghế dành cho khách.\r\n\r\nÔng kể, khi còn trẻ từng là cậu chủ trong một gia đình giàu có với nhiều biệt thự trên phố lớn của thủ đô, nhưng khi miền Bắc bắt đầu xây dựng chủ nghĩa xã hội, gia đình đã quyết định hiến tất cả cho nhà nước. Cả nhà chuyển đến ở nhờ căn buồng tại tòa nhà gồm 17 buồng của một cặp giáo sĩ người Mỹ đã hồi hương.\r\nGS Lê Văn Lan cho biết phòng có chật nhưng ông vẫn sống tốt, lách qua được mà chưa bao giờ làm rơi sách. Ảnh: Hoàng Hà.\r\n\r\n"Căn phòng rộng 30 m2, khi tôi và anh trai đều có gia đình thì chia đôi làm hai nhà riêng biệt. Nhà tôi dành 6 m2 làm phòng cho mẹ. Từ ngày bà qua đời thì tôi sống luôn trong căn phòng ấy, diện tích còn lại cho gia đình anh con trai cả", GS Lan cho hay.\r\n\r\nVẫn giữ nụ cười tươi, vị giáo sư đầu ngành kể, không phải ông không có cơ hội sống trong căn nhà khá hơn. Đó là khi ông đã nghỉ hưu, cơ quan xét duyệt cho thuê một căn hộ ở Kim Mã Thượng với tiêu chuẩn là căn hộ cấp vụ trưởng. Ông đủ tiêu chuẩn bởi đã cống hiến 50 năm cho lĩnh vực Sử học nước nhà, nhưng giáo sư đã từ chối.\r\n\r\n"Có lẽ vợ tôi đã nhiều năm chịu khổ, vất vả quá nên bà ấy đã thẳng thừng "nếu anh không nhận thì em nhận". Và thế là bà ấy và con gái chuyển đến đó sống còn tôi ở lại căn phòng 6 m2 này. Cách đây vài năm vợ tôi qua đời thì căn nhà ấy dành cho con gái", giáo sư Lan giãi bày.\r\n\r\nCăn phòng 6 m2 đối với vị giáo đầu ngành như thế đã là quá đủ bởi "người già không cần quá nhiều diện tích làm gì". Trong 6 m2 ấy, giáo sư vẫn có không gian để sách theo từng chủ đề, sắp xếp các hình mèo (con vật ông yêu thích bởi ông quan niệm, mình tuổi chuột để mèo trong nhà để nó nhắc mình biết sợ). Ông có một chiếc giường rộng 60 cm, bạn bè thường trêu đùa bằng chiều ngang của cỗ quan tài, còn ông cười "thế là đủ để nằm ngủ rồi".\r\n\r\nCăn phòng 6 m2 chứng kiến nhiều cuộc viếng thăm đặc biệt với GS Lê Văn Lan. Có hôm đang ngồi đọc sách thì có người tìm đến gặp, ông bất ngờ khi nhận ra đó là Nguyễn Cao Kỳ (cựu chính khách Việt Nam Cộng hòa). Đang băn khoăn ông ta bằng cách nào tìm được nhà trong ngõ ngách thì thầy Lan lại ngạc nhiên với gợi ý của Nguyễn Cao Kỳ "sau này khi ông qua đời sẽ biến căn phòng thành bảo tàng".\r\n\r\n"Lúc ấy tôi cười nói đừng dự định sớm quá vì tương lai chưa biết thế nào. Cuối cùng thì ông ta cũng đi trước tôi", thầy Lan nói.\r\nCăn phòng từng đón Nguyễn Cao Kỳ và Bí thư Thành ủy Phạm Quang Nghị cùng nhiều người bạn thân thiết của giáo sư đến thăm. Ảnh: Hoàng Hà.\r\n\r\nCách đây vài năm, Bí thư thành ủy Phạm Quang Nghị gọi điện báo sẽ đến thăm, GS Lan từ chối vì "nhà rất chật chội, chỉ có một ghế cho khách thôi". Thế nhưng theo đúng hẹn Bí thư Nghị vẫn đến cùng một đoàn cán bộ của thành phố. Nhà có duy nhất chiếc ghế khách ông Nghị ngồi, còn thầy Lan thì ngồi ở ghế thường ngày làm việc.\r\n\r\n"Vì đã nhắc nhở ông Phạm Quang Nghị trước là không có chỗ ngồi nhưng ông ấy không tin, lại còn bảo "không có chỗ ngồi thì bọn em đứng". Hôm đó tôi đã nói rất nhiều chuyện, thế mà họ vẫn đứng và trao đổi rất vui vẻ. Năm nay bận việc không đến được, nhưng ông Nghị vẫn gửi quà chúc Tết tôi", thầy Lan cười cho hay.\r\n\r\nNhững lúc rảnh rỗi, giáo sư Lê Văn Lan qua chợ Hàng Da đi dạo một vòng. Nhìn thấy ông, các bà, các mẹ đều nở nụ cười, một số còn chụp ảnh cùng, xin chữ ký. Đó là khoảnh khắc ông cảm thấy vui nhất.\r\n\r\nXuất hiện thường xuyên trên các chương trình truyền hình, các lễ hội, chuyến đi nghiên cứu nhưng vị giáo già cho biết thu nhập của ông không đáng kể. "Người ta thích và mời tôi tham gia vì đa số đều miễn phí", ông giải thích.\r\n\r\nVới vị giáo sư, những việc ông làm đều vì danh dự và mong muốn đưa đến cho mọi người nụ cười. "Những năm trước trên đường phố khoảng 70% người gặp đã nhận ra tôi, nhưng giờ thì lên 90% rồi, kể cả những vùng cực kỳ hẻo lánh. Khi lên hồ Ba Bể, tôi thấy bà mế bán ổi rừng, na bên vệ đường, tôi muốn mua. Bà ấy cười khi nhận ra tôi và bảo rằng "cho mày đấy", GS Lê Văn Lan kể.\r\n\r\nĐiều làm người đàn ông sinh năm 1936 hạnh phúc hơn là 100% số người gặp ông đều cười. "Chính vì nụ cười ấy mà tôi làm việc", giáo sư xúc động. Ngoài ra, thầy Lan còn đến các chùa làm từ thiện, làm sách cho nhà chùa. Những ngày bắt đầu năm mới, thầy đến các lễ hội vì người ta mời làm cố vấn.\r\n\r\nHiện có 2 cháu trai, 2 cháu gái, cháu lớn nhất 25 tuổi, GS Lê Văn Lan chia sẻ, khi ông mất, tài sản lớn nhất của ông là sách sẽ được đốt đi bởi ông quan niệm: "Chúng ta xẹt qua bầu trời này nhanh lắm, vấn đề là đừng làm vẩn đục bầu trời. Những sản phẩm mà chúng ta tâm huyết, đau đáu, khi mình xẹt qua rồi đừng làm cho nó thành rác vũ trụ".\r\n\r\nHoàng Thùy', 'vnExpress', 'le_van_lan_2.JPG', 'active', 2, '2012-02-09 00:00:00', NULL, NULL, '2012-02-09 00:00:00', NULL, NULL, NULL, NULL, NULL, 1, 0, 0, 0, NULL),
(35, 4, 'Côn Đảo - điểm nghỉ dưỡng được yêu thích ', 'Gần đây, nhiều người lựa chọn Côn Đảo như một địa điểm nghỉ dưỡng yêu thích vì những điều đặc biệt mà nơi đây sở hữu: bãi cát vàng mịn, nước biển trong xanh, không gian thanh bình, 80% diện tích là rừng quốc gia....', 'Gần đây, nhiều người lựa chọn Côn Đảo như một địa điểm nghỉ dưỡng yêu thích vì những điều đặc biệt mà nơi đây sở hữu: bãi cát vàng mịn, nước biển trong xanh, không gian thanh bình, 80% diện tích là rừng quốc gia....\r\n\r\nVì vậy Côn Đảo rất phù hợp cho những ai đang tìm kiếm cảm xúc bình yên, đặc biệt là khám phá những điều kỳ diệu của thế giới tự nhiên xung quanh mình. Với những cặp tình nhân, không gian nơi đây càng thích hợp hơn.\r\n\r\nMới đây, Côn Đảo đã có resort 5 sao Six Senses Côn Đảo. Khu nghỉ dưỡng này sở hữu 50 biệt thự trải dọc bờ biển với bãi cát vàng mịn. Kiến trúc nơi đây có vẻ đẹp hiện đại, chất liệu, màu sắc hài hòa với khung cảnh tự nhiên. Đặc biệt, các công trình đều làm bằng gỗ, tạo một cảm giác nhẹ nhàng và tinh tế. Các kiểu biệt thự đa dạng từ một đến hai tầng, gồm một, ba hoặc bốn phòng ngủ. Tất cả đều có phòng tắm trong nhà lẫn ngoài trời. Ngoài ra, biệt thự ở đây đều có hồ bơi riêng.\r\n\r\nBên cạnh đó, bạn cũng có thể cùng người thương yêu tham gia vào những hoạt động ngoài trời thú vị và gần gũi thiên nhiên như: đi thuyền thúng, lặn dọc bờ biển san hô, chèo thuyền kayak hay du ngoạn ra đảo Rùa, đảo Chim… Du khách cũng có thể tham gia các chuyến tham quan, cắm trại, đi bộ hay dạo chơi thư giãn trong khu vườn quốc gia, nơi cư trú an toàn của các loài động vật biển quý hiếm như: rùa xanh, rùa biển, bò biển.. cùng các loài sinh vật địa phương như sóc đen, hắc dương, khỉ đuôi dài… Với những dịch vụ cao cấp, không gian thiên nhiên nguyên sơ bao quanh cùng nhiều hoạt động hướng đến thiên nhiên, Six Senses Côn Đảo là địa điểm lý tưởng của nhiều du khách.\r\n\r\nNhân dịp Lễ Tình nhân, Six Senses Côn Đảo giới thiệu mức giá ưu đãi dành cho du khách là công dân Việt Nam. Chương trình kéo dài từ ngày 20/1 đến hết ngày 28/2. Theo đó, giá nghỉ ở biệt thự sang trọng hướng biển là 6.195.000 đồng++; biệt thự sát biển 7.455.000 đồng++; biệt thự sang trọng sát biển 8.085.000 đồng++; biệt thự 3,4 phòng ngủ, giá từ 26.250.000 đồng++.\r\n\r\nMức giá trên chỉ áp dụng cho công dân Việt Nam. Khi làm thủ tục nhận phòng, khách đem theo giấy tờ tùy thân hoặc mức giá tốt nhất sẽ được áp dụng tại thời điểm nhận phòng. Mức giá trên đã bao gồm điểm tâm; đồ uống chào mừng, khăn lạnh khi đến nhận phòng. Cước phí đưa đón một chiều từ sân bay về khu nghỉ dưỡng: 10 USD một người. Mức giá trên chưa bao gồm 5% phí dịch vụ và 10% thuế. Chương trình ưu đãi có thể có sự điều chỉnh tùy thuộc vào sự sẵn có của biệt thự.\r\n\r\nĐể biết thêm chi tiết, liên hệ: Khu nghỉ dưỡng Six Senses Côn Đảo, Bãi Đất Dốc, Huyện Côn Đảo, Tỉnh Bà Rịa - Vũng Tàu, Việt Nam\r\n\r\nĐiện thoại: 064 3831 222\r\n\r\nEmail: reservations-condao@sixsenses.com\r\n\r\nWebsite: http://www.sixsenses.com/\r\n\r\n(Nguồn: Six Senses Côn Đảo)', 'vnExpress', 'Hinh-01.jpg', 'active', 2, '2012-02-09 00:00:00', NULL, NULL, '2012-02-09 00:00:00', NULL, NULL, NULL, NULL, NULL, 1, 0, 1, 0, NULL),
(36, 4, 'Tết trong mắt người nước ngoài ở Việt Nam', 'Ngày Tết, một số người nước ngoài thường rời Việt Nam để đi đến những bãi biển thơ mộng ở Thái Lan hay Bali, song cũng nhiều người ở lại đón Tết truyền thống của người Việt, gặp mặt bạn bè.', 'Ông Mark Conroy, 65 tuổi, đại diện Văn phòng Đông Tây hội ngộ tại Đà Nẵng, cho biết đã 18 lần ăn Tết cổ truyền Việt Nam cùng vợ và các con. Tết là dịp ông muốn dành thời gian cho gia đình chứ ít đi chơi, bởi ông và vợ không phải đi làm, các con được nghỉ học.\r\n\r\n“Điều thú vị nhất tôi cảm nhận ở Việt Nam đó chính là một cái tết sum họp với gia đình, mọi người đi đến nhà thăm hỏi, chúc Tết và cùng ăn tiệc với nhau. Điều này làm cho Tết cổ truyền Việt Nam khác hẳn so với Tết ở phương Tây, chỉ ăn Tết có một ngày và rất ít khi tụ họp”, ông Mark nói và cho biết ngày tết, ông vẫn phụ vợ gói bánh chưng, mua hoa về trang trí nhà cửa.\r\n\r\nÔng Mark nhớ mãi lần đầu tiên ăn Tết ở Việt Nam cùng với gia đình nhà vợ. “Khi lấy vợ Việt, tôi chưa hiểu nhiều về phong tục ở đây. Năm mới, sau khi chúc Tết mọi người đều lì xì tiền cho nhau. Điều đó làm tôi thực sự bất ngờ và thấy thú vị”, ông kể và cho biết tục lì xì vẫn được ông áp dụng cho đến nay. Tuy nhiên, năm nay ông sẽ lì xì ít thôi vì đi đổi tiền mới ở ngân hàng mấy lần nhưng không đâu chịu đổi.\r\nÔng Mark Conroy, đại diện Văn phòng Đông Tây hội ngộ tại Đà Nẵng, thích thú với món quà Tết ở Việt Nam mà ông vừa được tặng. Ảnh: Nguyễn Đông\r\n\r\nTết Việt với vợ chồng bà Kathlee (60 tuổi, quốc tịch Mỹ), chủ quán Bread of Life ở số 4 đường Bạch Đằng, TP Đà Nẵng, để lại nhiều ấn tượng với những món ăn truyền thống và cảm giác vui nhộn. “Lần đầu ăn Tết ở Việt Nam tôi và chồng cứ ngớ người khi thấy trước Tết cả đến chục ngày mọi người đi mua sắm đồ. Họ tụ họp bên nhau cùng ăn tiệc, đi chúc Tết trong nhiều ngày. Tôi thấy điều này thật thú vị”, bà Kathlee chia sẻ.\r\n\r\nChồng bà ông Bod (63 tuổi) cứ say sưa kể về việc được đi hội hoa xuân, chơi trò chơi dân gian ở Việt Nam và đặc biệt là được người dân mời ăn Tết. Những món ăn ban đầu thấy lạ nhưng ăn nhiều lại thấy ngon. Dịp Tết đến, nếu vợ chồng không có dự định đi du lịch, ông Bob vẫn thường dặn vợ ra chợ mua bánh chưng, mứt gừng và nhiều món ăn để tiếp đón bạn bè, người quen.\r\n\r\nCách đây 14 năm, sau nhiều lần du lịch đến Việt Nam, mảnh đất và con người nơi đây cùng những hình ảnh về trẻ em bất hạnh như đã níu chân hai ông bà. Quay trở lại Việt Nam và chọn Đà Nẵng để sống, hai ông bà quyết định mở một quán bán đồ ăn cho khách du lịch nước ngoài nhưng điều đặc biệt hơn cả là những nhân viên ông bà thuê làm lại là những đứa trẻ khiếm thính.\r\n\r\nNhiều người cảm động trước tấm lòng của cặp vợ chồng này thường tặng những món quà quê vào dịp tết. Điều đó càng làm cho bà Kathlee, ông Bod thêm gắn bó với quê hương thứ hai của mình dù 4 đứa con và 9 đứa cháu của ông bà đều không ở Việt Nam.\r\n\r\nÔng Richard KH Chua, Tổng quản lý Tập đoàn Bảo Sơn, người Singapore đã sống hơn 10 năm ở Việt Nam, cho biết Tết là kỳ nghỉ lễ quan trọng với phần lớn người dân Singapore, là dịp đặc biệt để mọi người tới thăm người thân cao tuổi và thể hiện lòng kính trọng của mình. Đây cũng là truyền thống quan trọng ở nhiều nước châu Á.\r\n\r\n"Vợ tôi là người Hà Nội và điều này càng khiến Tết có ý nghĩa hơn với gia đình. Ngày đầu năm mới, chúng tôi thường tới gia đình bố mẹ vợ và chị vợ. Chúng tôi cùng ăn những món ngon. Các ngày sau đó là đi chơi với bạn bè", ông Richard KH Chua bảy tỏ.\r\nNgười nước ngoài\r\nÔng Anthony Gill.\r\n\r\nÔng Anthony Gill, Tổng giám đốc khách sạn La Residence Huế, bày tỏ: “Chúng tôi rất bận rộn trong dịp Tết. Mặc dù thời tiết đôi khi khá ảm đạm, song tháng 1 và tháng 2 vẫn là mùa cao điểm đón tiếp du khách quốc tế. Một số khách của chúng tôi hiểu biết khá rõ về các tập tục và truyền thống ngày Tết Việt, nhưng cũng có người thắc mắc tại sao tất cả cửa hàng đều đóng cửa suốt dịp này”.\r\n\r\nĐây là cái Tết thứ năm của ông Gill tại Việt Nam. Ông thích không khí hội tụ đông vui và ấm áp vào dịp Tết, thích lì xì đầu năm và kỷ niệm về cái Tết Việt đầu tiên khi hai vợ chồng ông cùng dùng bữa tối với ca sĩ Hồ Ngọc Hà tại TP HCM. “Sự nổi tiếng của ca sĩ Hồ Ngọc Hà làm cho không khí ngày lễ thêm hưng phấn. Cảm giác ấy chúng tôi vẫn còn giữ mãi", ông Gill nói.\r\n\r\nÔng Albert Lafuente, Giám đốc Kinh doanh và Tiếp thị của khu nghỉ dưỡng The Nam Hải, lại thích điểm tương đồng giữa phong tục tập quán ngày Tết ở Việt Nam với lễ Giáng sinh và đón năm mới tại Philippines, nơi ông sinh ra. Đây đều là thời điểm đoàn tụ gia đình, thăm hỏi người thân, tặng quà cho nhau, mời khách dùng món ăn chỉ có trong ngày lễ.\r\n\r\nÔng cho hay, khu nghỉ dưỡng nơi ông làm việc được khoác một diện mạo mới để khách có thể cảm nhận không khí Tết ở đây. Chuẩn bị đón cái Tết thứ ba tại Việt Nam, ông Albert Lafuente chia sẻ: “Những phong tục ngày Tết của Việt Nam khiến tôi thấy ấm lòng và gần gũi hơn với quê hương”.\r\nảnh\r\nÔng Albert Lafuente. Ảnh: Nhân vật cung cấp.\r\n\r\nThích không khí Tết Việt, nhưng việc nâng ly chúc mừng năm mới, hay cách tăng giá các mặt hàng, lại khiến nhiều người nước ngoài e ngại. Ông Anthony Gill, Tổng giám đốc khách sạn La Residence Huế, bày tỏ: “Theo phép lịch sự, không ai muốn khước từ lòng hiếu khách của bạn bè. Nhưng vấn đề là ngày hôm sau tất cả chúng tôi đều phải thức dậy đi làm”.\r\n\r\nGiám đốc điều hành Công ty Mandarin Media Jim Sullivan dường như có kinh nghiệm hơn trong việc từ chối khéo khi "bị ép" uống nhiều bia rượu. Ông tiết lộ: “Tôi thì lúc nào cũng giả vờ mình mắc bệnh viêm gan A”.\r\n\r\nÔng Keith Thibeth lấy vợ Huế tâm sự, cũng như Giáng sinh ở phương Tây, Tết càng ngày càng mang tính thương mại và giá trị của nó đã bị đẩy qua một bên chỉ vì lợi nhuận đơn thuần. Hàng quán tranh thủ lúc người dân sẵn sàng chi tiêu mạnh tay để nâng giá và làm giảm chất lượng mặt hàng.\r\n\r\n"Tôi đón Tết với ít nhiều nghi ngờ, như cách tôi đón Giáng sinh vậy. Tôi yêu giá trị và ý nghĩa truyền thống của ngày Tết, cũng chính vì thế mà tôi thấy khá buồn khi có nhiều người tận dụng thời cơ để làm lợi cho mình một cách quá đáng", ông Keith nói.\r\n\r\nNguyễn Đông - Đoàn Loan', 'vnExpress', 'anh_ong_mark_don_tet_viet_nam.JPG', 'active', 2, '2012-02-09 00:00:00', NULL, NULL, '2012-02-09 00:00:00', NULL, NULL, NULL, NULL, NULL, 1, 0, 1, 0, NULL);
INSERT INTO `news_article` (`article_id`, `category_id`, `title`, `description`, `content`, `author`, `image`, `status`, `num_views`, `created_date`, `created_user_id`, `created_user_name`, `updated_date`, `updated_user_id`, `updated_user_name`, `activate_user_id`, `activate_user_name`, `activate_date`, `allow_comment`, `num_comments`, `is_hot`, `ordering`, `language`) VALUES
(37, 5, 'Du lịch hành hương hút khách đầu năm', 'Ra giêng, đền chùa ở Hà Nội và các tỉnh lân cận luôn đông khách thập phương đến chiêm bái. Các dịch vụ cho thuê xe, tour lễ hội cho du khách hành hương cũng nở rộ.', 'Mới mùng 4 Tết, gia đình chị Hòa (Hoàng Mai, Hà Nội) đã đi chùa Yên Tử, sau đó lên Tuyên Quang đi đền ông Hoàng Bảy. Chưa kể hai vợ chồng còn đến những chùa nổi tiếng ở Hà Nội như Quán Sứ, Phúc Khánh để cầu phúc cầu an.\r\n\r\nĐến mỗi đền chùa, chị Hòa đều sắm sửa lễ chay, lễ mặn, tiền vàng, đóng tiền làm lễ giải sao tốn cả triệu đồng. "Vợ chồng là công chức, chẳng buôn bán gì, nhưng năm nay đứng sao xấu nên phải siêng đi lễ cầu an. Tiền bạc có tốn, nhưng đưa vào nhà chùa thì cũng không sao", chị Hòa nói.\r\n\r\nChị Minh, một công chức ở Hà Nội, cho biết đầu năm, cơ quan vắng tanh, gần nửa đi chùa, người thì tranh thủ vài giờ, người thì xin nghỉ cả ngày đi lễ chùa Hương, Yên Tử. "May mà đầu năm nên các sếp thông cảm, còn tạo điều kiện cho nhân viên du xuân. Người ta đi nhiều mà mình không đi thì thấy áy náy", chị Minh nói.\r\n\r\nCác diễn đàn gia đình, topic đi lễ chùa Hương, Yên Tử khá sôi động. Nhiều chị em lập nhóm du xuân cũng như cùng chia sẻ kinh nghiệm thuê xe, mua tour, giá dịch vụ tại các điểm tham quan.\r\n\r\nCũng có không ít chị em lại chọn đền chùa không mấy nổi tiếng để chiêm bái và vãn cảnh. Chị Minh Thanh, huyện Từ Liêm cho biết, nhóm bạn của chị lên kế hoạch du xuân tại chùa Mía, chùa Thầy, chùa Trăm Gian tại các huyện ngoại thành Hà Nội.\r\n\r\n"Tôi sợ phải chen lấn tại chùa chiền lớn, sơ sảy là bị móc trộm ví, điện thoại. Chúng tôi thích tìm đến chùa nhỏ, phong cảnh đẹp để kết hợp vui chơi, vãn cảnh đầu năm", chị Thanh bày tỏ.\r\nChùa Hương\r\nCảnh chen chúc đi lễ chùa Hương làm nhiều người ngán ngẩm. Ảnh: Lê Hiếu.\r\n\r\nÔng Trần Văn Long, Giám đốc Du lịch Việt nhận xét, đi hành hương và lễ hội đầu năm là nhu cầu của nhiều người nên mặc dù kinh tế khó khăn, lượng khách đi tour không giảm. Mỗi tuần, đơn vị này đưa khoảng 50 du khách từ TP HCM ra miền Bắc hành hương đầu năm. Chưa kể nhiều đoàn khách đi tour từ Hà Nội tới các tỉnh thành.\r\n\r\nPhó giám đốc Công ty Du lịch Newstar Tour Lương Duy Doanh cho biết, các chương trình đi chùa Hương, Yên Tử, Bái Đính - Tràng An... khá đông khách, mặc dù giá tăng 10-15% so với năm trước. Tuy nhiên, nhiều khách có xu hướng tìm đến điểm du xuân không quá đông đúc như đền Thượng (rừng quốc gia Ba Vì, Hà Nội), đền Mẫu Tây Thiên (Tam Đảo, Vĩnh Phúc), đền Côn Sơn - Kiếp Bạc (Hải Dương)...\r\n\r\nTheo ông Doanh, năm nay du khách đi đền Mẫu Tây Thiên khá nhiều vì nơi đây đã có cáp treo nên không phải leo bộ nhiều và được ngắm phong cảnh thiên nhiên vùng núi Tam Đảo. Ngoài ra, các ngôi đền linh thiêng trên đỉnh núi Ba Vì cũng thu hút đông khách. Các tour này chỉ có giá gần 400.000 đồng nên khá phù hợp với các nhóm khách.\r\n\r\nÔng Nguyễn Hồng Thái, Trưởng phòng du lịch nội địa Hanoi Tourist, cho biết chương trình hành hương tại các đền chùa ở Tuyên Quang đã có hơn 200 khách tham gia. Ngoài ra, các đền chùa tại phố Hiến (Hưng Yên), đền Cô bé Cửa Suốt, đền Cái Bầu (Vân Đồn, Quảng Ninh) cũng thu hút khá đông du khách.\r\n\r\nTheo ông Thái, nhiều đoàn khách ở các doanh nghiệp, cơ quan nhà nước đi theo tour thường chọn đền chùa ở Tuyên Quang, Lạng Sơn, Quảng Ninh... Du khách lẻ năm nay ít đi theo tour hơn các năm trước mà tự đi xe nhà.\r\n\r\nĐại diện các hãng lữ hành cũng khuyến cáo du khách nên đặt tour sớm để tránh quá tải dịch vụ ngày lễ hội hoặc không đi vào cuối tuần. Tại các điểm tham quan du khách cần phòng ngừa trộm cắp, nạn "chặt chém", cần hỏi giá trước khi mua.\r\n\r\nĐoàn Loan', 'vnExpress', 'Chua-Huong_8.jpg', 'active', 0, '2012-02-09 00:00:00', NULL, NULL, '2012-02-09 00:00:00', NULL, NULL, NULL, NULL, NULL, 1, 0, 1, 0, NULL),
(38, 5, 'Khởi tố vụ án ''cố ý hủy hoại'' nhà ông Vươn', 'Chiều 8/2, Công an Hải Phòng ra quyết định khởi tố vụ án cố ý hủy hoại tài sản nhà ông Đoàn Văn Vươn. Phía luật sư đề nghị cần sớm khởi tố bị can đối với những người liên quan đến vụ việc.', 'Sáng cùng ngày, cơ quan cảnh sát điều tra công an TP Hải Phòng đã xuống khám nghiệm hiện trường nơi nhà ông Đoàn Văn Vươn bị phá hủy để thu thập chứng cứ, xác định thiệt hại. Cùng đi với cơ quan chức năng là các luật sư bảo vệ quyền và lợi ích cho gia đình ông Vươn.\r\n\r\nCơ quan điều tra cũng triệu tập 4 người liên quan, trong đó Bí thư và Chủ tịch xã Vinh Quang.\r\nẢnh: T.D.\r\nCơ quan cảnh sát điều tra đào chân móng 2 ngôi nhà của ông Vươn để xác định tài sản. Ảnh: T.D.\r\n\r\nTrở về từ hiện trường, Công ty luật hợp danh Hồng Bách và cộng sự cùng Công ty luật Dragon đã có văn bản gửi Tòa án Nhân dân tối cao, Viện KSND tối cao, Bộ Công an và Công an Hải Phòng đề nghị khởi tố bị can.\r\n\r\nTheo luật sư Nguyễn Hồng Bách, việc phá hủy ngôi nhà cùng tài sản của gia đình ông Vươn và ông Quý là hành vi trái pháp luật, có dấu hiệu của tội hủy hoại hoặc cố ý làm hư hỏng tài sản theo điều 143 Bộ luật hình sự với tính chất và mức độ đặc biệt nghiêm trọng, gây phản ứng, phẫn nộ rất lớn trong xã hội.\r\n\r\nSau cuộc họp ngày 7/2, UBND TP Hải Phòng đã đình chỉ công tác một loạt lãnh đạo xã Vinh Quang và huyện Tiên Lãng, đồng thời cơ quan cảnh sát điều tra xác định người lái chiếc xe ủi cùng một số người có liên quan, trách nhiệm đến việc hủy hoại tài sản nhà ông Vươn.\r\n\r\nTheo ông Bách, đã có đầy đủ căn cứ khẳng định dấu hiệu tội phạm theo quy định của Bộ luật Tố tụng hình sự và có đủ căn cứ để khởi tố bị can.\r\nẢnh: T.D.\r\nNgôi nhà của ông Vươn bị phá sập và đốt cháy nhiều tài sản. Ảnh: T.D.\r\n\r\n"Căn cứ vào các quy định hiện hành, chúng tôi đề nghị khởi tố vụ án hình sự về tội hủy hoại hoặc cố ý làm hư hỏng tài sản; khởi tố bị can đối với những người có hành vi vi phạm về cùng tội danh trên; điều tra, làm rõ sự thật vụ việc, xử lý nghiêm những hành vi trái pháp luật, bảo vệ các quyền lợi, lợi ích hợp pháp cho gia đình ông Quý, ông Vươn theo đúng quy định của pháp luật", luật sư Bách nêu rõ.\r\n\r\nTrước đó chiều 7/2, Bí thư Thành ủy Hải Phòng Nguyễn Văn Thành cho biết, đã giao công an thành phố khẩn trương điều tra, khởi tố vụ án phá nhà trông đầm của ông Đoàn Văn Vươn để xử lý theo quy định của pháp luật.\r\n\r\nTrong khi cả lãnh đạo xã Vinh Quang và huyện Tiên Lãng đều khẳng định không liên quan đến vụ phá nhà ông Vươn, chưa biết ai là thủ phạm thì chính một số người dân đã lên tiếng tố cáo lãnh đạo huyện và xã thuê họ lái máy xúc phá nhà với giá 1,5 triệu đồng.\r\nChiều tối 8/2, luật sư Nguyễn Việt Hùng, Trưởng văn phòng luật sư Kinh Đô cho VnExpress.net biết, cơ quan cảnh sát điều tra đã cấp giấy chứng nhận bào chữa luật sư để bào chữa cho ông Đoàn Văn Vươn và Đoàn Văn Quý. Dự kiến tuần tới, ông Hùng sẽ làm việc với cơ quan điều tra để làm các thủ tục được gặp thân chủ.\r\n\r\nTiến Dũng - Thái Thịnh', 'vnExpress', 'Nha-ong-Vuon-1.jpg', 'active', 2, '2012-02-09 00:00:00', NULL, NULL, '2012-02-09 00:00:00', NULL, NULL, NULL, NULL, NULL, 1, 0, 1, 0, NULL),
(39, 5, 'Cướp xe Air Blade của đôi nam nữ ', 'Khống chế đôi nam nữ đang tâm sự ở khu vực đê vắng và cướp được chiếc Air Blade, Trung mang ra Hà Nội tiêu thụ nhưng bị phát hiện.', 'Khoảng 5h sáng 4/2, tổ công tác Đại đội 12 Trung đoàn cảnh sát cơ động Hà Nội làm nhiệm vụ tại ngã ba Pháp Vân, phường Hoàng Liệt, quận Hoàng Mai phát hiện một thanh niên đi xe máy có biểu hiện nghi vấn đã kiểm tra.\r\n\r\nNgười này khai là Hồ Đức Trung, 19 tuổi ở xã Quỳnh Lương (Quỳnh Lưu, Nghệ An). Tuy nhiên, giấy tờ chiếc xe Air Blade biển Nghệ An lại mang tên Nguyễn Văn Hùng (ở xã Tiến Thủy, huyện Quỳnh Lưu). Trung và xe bị đưa về trụ sở công an quận Hoàng Mai làm rõ.\r\n\r\nTrung thừa nhận, chiếc xe là tang vật vụ cướp anh ta cùng bạn là Hồ Viết Triều (20 tuổi, cùng địa chỉ với Trung) gây ra. Khoảng 20h ngày 3/2, Trung và Triều đi qua khu vực đê chắn biển thuộc xã Quỳnh Nghĩa, phát hiện đôi nam nữ đứng tâm sự, bên cạnh là chiếc xe máy.\r\n\r\nTrung gí dao nhọn khống chế, cướp chiếc xe máy trên và mang ra Hà Nội tiêu thụ.\r\n\r\nCông an quận Hoàng Mai đã bàn giao Trung cùng tang vật vụ án cho công an huyện Quỳnh Lưu xử lý theo thẩm quyền.\r\n\r\nHoàng Việt', 'vnExpress', 'Gia-xe-may-honda-air-blade-2011.jpg', 'active', 4, '2012-02-09 00:00:00', NULL, NULL, '2012-02-09 00:00:00', NULL, NULL, NULL, NULL, NULL, 1, 0, 1, 0, NULL),
(40, 6, 'Những ngân hàng trả lương cao nhất Việt Nam', 'Thu nhập từ 15 đến 20 triệu đồng một tháng và tăng so với 2010 chỉ có ở vài ngân hàng lớn. Với nhà băng cỡ vừa thu nhập nhân viên còn giảm 50% so với trước. ', 'Năm 2011, lương bình quân của nhân viên Vietinbank là 20,27 triệu đồng, thu nhập 20,76 triệu đồng. So với 2010, năm 2011, nhân viên nhà băng này nhận thu nhập cao hơn 2,21 triệu đồng.\r\n\r\nCòn tại Vietcombank, trong khi mức thu nhập trung bình của nhân viên đạt 22,4 triệu đồng (cao hơn 5,41 triệu đồng so với 2010). Tuy nhiên, lương chỉ đạt 18,9 triệu đồng sau khi trừ các khoản chi trả bảo hiểm.\r\n\r\nTheo số liệu báo cáo tài chính cập nhật, Ngân hàng Sài Gòn Thương Tín (Sacombank) đang tạm thời xếp vị trí thứ ba với mức lương bình quân của nhân viên là 14,7 triệu đồng một tháng. Riêng thu nhập là 19 triệu đồng, tăng gần 10 triệu so với năm ngoái. ACB đứng thứ tư, với thu nhập bình quân của nhân viên hơn 15 triệu đồng, tăng 6 triệu đồng so với 2010. Về mức lương, ACB chưa có con số cụ thể.\r\nNgân hàng\r\nMức lương và thu nhập trung bình cao hầu như chỉ có ở nhân viên những ngân hàng lớn. Ảnh minh họa: Hoàng Hà.\r\n\r\nNgân hàng cổ phần Sài Gòn Hà Nội (SHB) là một trong những đơn vị được đồn đoán trả lương cao nhất nhì sau khối quốc doanh. Tuy nhiên, trong báo cáo tài chính riêng lẻ quý IV/2011, thu nhập bình quân nhân viên chỉ 4,5 triệu đồng một tháng, thấp hơn so với 2010.\r\n\r\nTrao đổi với VnExpress.net, một lãnh đạo cấp cao SHB cho biết, đến nay, chưa có số liệu cụ thể về thu nhập bình quân của nhân viên trong năm 2011. Ông thông tin, so với mức 10,3 triệu đồng bình quân năm ngoái, nhiều khả năng, thu nhập của nhân viên năm nay sẽ tương đương, thậm chí cao hơn. Con số 4,5 triệu trung bình của quý IV/2011 thấp hơn là do thời gian vừa qua, SHB chú trọng mở rộng mạng lưới, tuyển thêm nhân viên nên thu nhập chia theo đầu người giảm.\r\n\r\nVị lãnh đạo này cho biết, năm 2011, với lợi nhuận cao hơn so với năm trước (gần 400 tỷ đồng), thì không thể nói thu nhập nhân viên ngân hàng này giảm. Ông cũng phủ nhận tin đồn SHB là ngân hàng trả lương "khủng" nhất trong ngành và cho biết, cũng như các đơn vị khác, số tiền nhân viên nhận được sẽ tương xứng với công sức, vị trí công tác cũng như kết quả kinh doanh của ngân hàng.\r\n\r\nTại Eximbank, báo cáo tài chính riêng lẻ quý IV cũng cho thấy, thu nhập bình quân nhân viên khoảng 7 triệu đồng, thấp hơn so với mức 10,5 triệu đồng của 2010. Tính đến hết quý IV/2011, số lượng nhân viên của nhà băng này là 5.421, tăng 958 người so với cuối năm 2010.\r\n\r\nLãnh đạo một ngân hàng thương mại Nhà nước lý giải, mỗi đơn vị có một cách tính đơn giá khác nhau. Do đó, việc so sánh thu nhập bình quân của nhân viên các đơn vị này với nhau có phần không thỏa đáng. Ông cho rằng, cần phải tính hết các khoản chi phí mà người lao động không được hưởng như phí bảo hiểm xã hội, bảo hiểm y tế, thân thể, thất nghiệp..., sau đó lấy con số cuối cùng nhân viên được nhận để so sánh, mới có thể kết luận cao thấp.\r\n\r\nCòn kế toán một ngân hàng quốc doanh khác- người trực tiếp làm sổ sách liên quan đến kết quả kinh doanh, lợi nhuận cũng như lương, thưởng nhân viên thì cho biết, thoạt nhìn, mức mà người lao động nhận được có vẻ cao, song đó chỉ là mức bình quân, không phải ai cũng được như vậy. Ngay cả con số thưởng Tết của các ngân hàng mà không ít người lấy ra so sánh với thu nhập các ngành nghề khác, cũng không cân xứng. Vì khi làm quyết toán, các số liệu chỉ là chia trung bình\r\n\r\nBày tỏ về mức thu nhập bình quân cao so với năm 2010 của nhân viên ngân hàng mình, một lãnh đạo ACB cho biết, năm 2011, kết quả kinh doanh của nhà băng này tương đối tốt. Do đó, việc trả lương cho nhân viên cao so với năm trước cũng là điều bình thường. Dù thế, theo ông, nếu so với toàn hệ thống, đây chưa phải là mức quá cao. "Phải xem thống kê cụ thể của từng ngân hàng, mới thấy nhiều nơi trả lương cao hơn nhiều", lãnh đạo này chia sẻ.\r\n\r\nTheo ông, mức lương bình quân mà ACB nhận được bao gồm 2 loại là lương cứng và mềm (lương kinh doanh ngoài mức cố định chi trả cho nhân viên hàng tháng). Ngoài ra, không phải bộ phận nào cũng được nhận thu nhập cao lên tới hơn 15 triệu như số liệu của báo cáo tài chính. Nếu tính ra, lương bình quân có thể không cao như vậy, ông nói.\r\n\r\nBảng thống kê thu nhập trung bình một số ngân hàng năm 2011\r\nNgân hàng 	Thu nhập trung bình (triệu đồng/người/tháng) 	Tăng/giảm so với 2010 (triệu đồng)\r\nNăm 2011 	Năm 2010\r\nVietinbank 	20,76 	18,55 	+ 2,21\r\nVietcombank 	22,4 	16,99 	+ 5,41\r\nSacombank 	19 	9,40 	+ 9,6\r\nACB 	15 	9,92 	+ 5,08\r\nEximbank 	7 	10,57 	- 3,57\r\n\r\nTuệ Minh', 'vnExpress', 'tien-20.jpg', 'active', 0, '2012-02-09 00:00:00', NULL, NULL, '2012-02-09 00:00:00', NULL, NULL, NULL, NULL, NULL, 1, 0, 1, 0, NULL),
(41, 6, 'Việt Nam chạy đua đăng cai Asiad 2019', 'Theo thông báo mới nhất của Hội đồng Olympic châu Á, có 4 ứng cử viên xin đăng cai Asiad 2019, trong đó có Việt Nam.', 'Theo thông báo mới nhất của Hội đồng Olympic châu Á, có 4 ứng cử viên xin đăng cai Asiad 2019, trong đó có Việt Nam.Theo thông báo mới nhất của Hội đồng Olympic châu Á, có 4 ứng cử viên xin đăng cai Asiad 2019, trong đó có Việt Nam.Theo thông báo mới nhất của Hội đồng Olympic châu Á, có 4 ứng cử viên xin đăng cai Asiad 2019, trong đó có Việt Nam.Theo thông báo mới nhất của Hội đồng Olympic châu Á, có 4 ứng cử viên xin đăng cai Asiad 2019, trong đó có Việt Nam.Theo thông báo mới nhất của Hội đồng Olympic châu Á, có 4 ứng cử viên xin đăng cai Asiad 2019, trong đó có Việt Nam.', 'vnExpress', 'mydinh-s.jpg', 'active', 0, '2012-02-09 00:00:00', NULL, NULL, '2012-02-09 00:00:00', NULL, NULL, NULL, NULL, NULL, 1, 0, 1, 0, NULL),
(42, 6, '3 giờ phá ủi nhà ông Vươn qua lời nhân chứng', 'Buổi sáng 6/1, chiếc máy xúc chạy ầm ầm tiến vào khu vực đầm của ông Đoàn Văn Vươn. Nhiều người dân từ bờ đê nhìn xuống, thấy lãnh đạo xã Vinh Quang (Tiên Lãng, Hải Phòng) cùng 7 công an có mặt tại hiện trường phá dỡ.', 'Buổi sáng 6/1, chiếc máy xúc chạy ầm ầm tiến vào khu vực đầm của ông Đoàn Văn Vươn. Nhiều người dân từ bờ đê nhìn xuống, thấy lãnh đạo xã Vinh Quang (Tiên Lãng, Hải Phòng) cùng 7 công an có mặt tại hiện trường phá dỡ.Buổi sáng 6/1, chiếc máy xúc chạy ầm ầm tiến vào khu vực đầm của ông Đoàn Văn Vươn. Nhiều người dân từ bờ đê nhìn xuống, thấy lãnh đạo xã Vinh Quang (Tiên Lãng, Hải Phòng) cùng 7 công an có mặt tại hiện trường phá dỡ.Buổi sáng 6/1, chiếc máy xúc chạy ầm ầm tiến vào khu vực đầm của ông Đoàn Văn Vươn. Nhiều người dân từ bờ đê nhìn xuống, thấy lãnh đạo xã Vinh Quang (Tiên Lãng, Hải Phòng) cùng 7 công an có mặt tại hiện trường phá dỡ.Buổi sáng 6/1, chiếc máy xúc chạy ầm ầm tiến vào khu vực đầm của ông Đoàn Văn Vươn. Nhiều người dân từ bờ đê nhìn xuống, thấy lãnh đạo xã Vinh Quang (Tiên Lãng, Hải Phòng) cùng 7 công an có mặt tại hiện trường phá dỡ.Buổi sáng 6/1, chiếc máy xúc chạy ầm ầm tiến vào khu vực đầm của ông Đoàn Văn Vươn. Nhiều người dân từ bờ đê nhìn xuống, thấy lãnh đạo xã Vinh Quang (Tiên Lãng, Hải Phòng) cùng 7 công an có mặt tại hiện trường phá dỡ.Buổi sáng 6/1, chiếc máy xúc chạy ầm ầm tiến vào khu vực đầm của ông Đoàn Văn Vươn. Nhiều người dân từ bờ đê nhìn xuống, thấy lãnh đạo xã Vinh Quang (Tiên Lãng, Hải Phòng) cùng 7 công an có mặt tại hiện trường phá dỡ.Buổi sáng 6/1, chiếc máy xúc chạy ầm ầm tiến vào khu vực đầm của ông Đoàn Văn Vươn. Nhiều người dân từ bờ đê nhìn xuống, thấy lãnh đạo xã Vinh Quang (Tiên Lãng, Hải Phòng) cùng 7 công an có mặt tại hiện trường phá dỡ.', 'vnExpress', 'dan-2b.jpg', 'active', 6, '2012-02-09 00:00:00', NULL, NULL, '2012-02-09 00:00:00', NULL, NULL, NULL, NULL, NULL, 1, 1, 1, 0, NULL),
(43, 6, 'Quái vật khổng lồ bí ẩn tại Iceland', 'Đoạn video về một thứ giống con rắn cực lớn bơi trong hồ nước tại Iceland khiến cộng đồng mạng xôn xao.', 'Đoạn video về một thứ giống con rắn cực lớn bơi trong hồ nước tại Iceland khiến cộng đồng mạng xôn xao.Đoạn video về một thứ giống con rắn cực lớn bơi trong hồ nước tại Iceland khiến cộng đồng mạng xôn xao.Đoạn video về một thứ giống con rắn cực lớn bơi trong hồ nước tại Iceland khiến cộng đồng mạng xôn xao.Đoạn video về một thứ giống con rắn cực lớn bơi trong hồ nước tại Iceland khiến cộng đồng mạng xôn xao.Đoạn video về một thứ giống con rắn cực lớn bơi trong hồ nước tại Iceland khiến cộng đồng mạng xôn xao.Đoạn video về một thứ giống con rắn cực lớn bơi trong hồ nước tại Iceland khiến cộng đồng mạng xôn xao.Đoạn video về một thứ giống con rắn cực lớn bơi trong hồ nước tại Iceland khiến cộng đồng mạng xôn xao.Đoạn video về một thứ giống con rắn cực lớn bơi trong hồ nước tại Iceland khiến cộng đồng mạng xôn xao.Đoạn video về một thứ giống con rắn cực lớn bơi trong hồ nước tại Iceland khiến cộng đồng mạng xôn xao.', 'vnExpress', 'quai-vat-2.jpg', 'active', 16, '2012-02-09 00:00:00', NULL, NULL, '2012-02-09 00:00:00', NULL, NULL, NULL, NULL, NULL, 1, 0, 1, 0, NULL),
(44, 7, 'Windows 8 Beta sẽ trình làng tại triển lãm MWC', 'Sau nhiều chờ đợi, người tiêu dùng sắp có cơ hội dùng thử hệ điều hành mới nhất của Microsoft khi hãng này công bố bản Windows 8 Consumer Preview (trước được gọi là Beta) tại triển lãm di động lớn nhất thế giới.', 'Sau nhiều chờ đợi, người tiêu dùng sắp có cơ hội dùng thử hệ điều hành mới nhất của Microsoft khi hãng này công bố bản Windows 8 Consumer Preview (trước được gọi là Beta) tại triển lãm di động lớn nhất thế giới.Sau nhiều chờ đợi, người tiêu dùng sắp có cơ hội dùng thử hệ điều hành mới nhất của Microsoft khi hãng này công bố bản Windows 8 Consumer Preview (trước được gọi là Beta) tại triển lãm di động lớn nhất thế giới.Sau nhiều chờ đợi, người tiêu dùng sắp có cơ hội dùng thử hệ điều hành mới nhất của Microsoft khi hãng này công bố bản Windows 8 Consumer Preview (trước được gọi là Beta) tại triển lãm di động lớn nhất thế giới.Sau nhiều chờ đợi, người tiêu dùng sắp có cơ hội dùng thử hệ điều hành mới nhất của Microsoft khi hãng này công bố bản Windows 8 Consumer Preview (trước được gọi là Beta) tại triển lãm di động lớn nhất thế giới.Sau nhiều chờ đợi, người tiêu dùng sắp có cơ hội dùng thử hệ điều hành mới nhất của Microsoft khi hãng này công bố bản Windows 8 Consumer Preview (trước được gọi là Beta) tại triển lãm di động lớn nhất thế giới.', 'vnExpress', 'beta-2.jpg', 'active', 11, '2012-02-09 00:00:00', NULL, NULL, '2012-02-09 00:00:00', NULL, NULL, NULL, NULL, NULL, 1, 1, 1, 0, NULL),
(45, 7, 'Ảnh đầu tiên về Yamaha Nouvo mới tại Việt Nam', 'Mẫu xe tay ga mới của Yamaha có thiết kế theo phong cách thể thao, lấy cảm hứng từ những chiếc xe đua.', 'Mẫu xe tay ga mới của Yamaha có thiết kế theo phong cách thể thao, lấy cảm hứng từ những chiếc xe đua.Mẫu xe tay ga mới của Yamaha có thiết kế theo phong cách thể thao, lấy cảm hứng từ những chiếc xe đua.Mẫu xe tay ga mới của Yamaha có thiết kế theo phong cách thể thao, lấy cảm hứng từ những chiếc xe đua.Mẫu xe tay ga mới của Yamaha có thiết kế theo phong cách thể thao, lấy cảm hứng từ những chiếc xe đua.Mẫu xe tay ga mới của Yamaha có thiết kế theo phong cách thể thao, lấy cảm hứng từ những chiếc xe đua.', 'vnExpress', 'Yamaha-Nouvo-top.jpg', 'active', 5, '2012-02-09 00:00:00', NULL, NULL, '2012-02-09 00:00:00', NULL, NULL, NULL, NULL, NULL, 1, 0, 1, 0, NULL),
(46, 7, 'Cảnh đời cô đơn của ba chị em ''người sói''', 'Ba chị em gái mắc hội chứng người sói (Werewolf Syndrome) ở Ấn Độ lo sợ sẽ không bao giờ có được tấm chồng vì đám lông trên mặt, người họ không ngừng phát triển.', 'Ba chị em gái mắc hội chứng người sói (Werewolf Syndrome) ở Ấn Độ lo sợ sẽ không bao giờ có được tấm chồng vì đám lông trên mặt, người họ không ngừng phát triển.Ba chị em gái mắc hội chứng người sói (Werewolf Syndrome) ở Ấn Độ lo sợ sẽ không bao giờ có được tấm chồng vì đám lông trên mặt, người họ không ngừng phát triển.Ba chị em gái mắc hội chứng người sói (Werewolf Syndrome) ở Ấn Độ lo sợ sẽ không bao giờ có được tấm chồng vì đám lông trên mặt, người họ không ngừng phát triển.Ba chị em gái mắc hội chứng người sói (Werewolf Syndrome) ở Ấn Độ lo sợ sẽ không bao giờ có được tấm chồng vì đám lông trên mặt, người họ không ngừng phát triển.Ba chị em gái mắc hội chứng người sói (Werewolf Syndrome) ở Ấn Độ lo sợ sẽ không bao giờ có được tấm chồng vì đám lông trên mặt, người họ không ngừng phát triển.Ba chị em gái mắc hội chứng người sói (Werewolf Syndrome) ở Ấn Độ lo sợ sẽ không bao giờ có được tấm chồng vì đám lông trên mặt, người họ không ngừng phát triển.', 'vnExpress', 'soi3.jpg', 'active', 3, '2012-02-09 00:00:00', NULL, NULL, '2012-02-09 00:00:00', NULL, NULL, NULL, NULL, NULL, 1, 0, 1, 0, NULL),
(47, 7, 'Quang Dũng không muốn yêu lần nữa', 'Nam ca sĩ dòng nhạc trữ tình chia sẻ, từ lâu anh không còn mơ mộng gì về tình yêu lứa đôi. Trong khi Jennifer Phạm tuyên bố đã vượt qua được đổ vỡ hôn nhân, thì Quang Dũng lại thấy quan hệ giữa mình và vợ cũ chưa thể "bình thường hóa".', 'Nam ca sĩ dòng nhạc trữ tình chia sẻ, từ lâu anh không còn mơ mộng gì về tình yêu lứa đôi. Trong khi Jennifer Phạm tuyên bố đã vượt qua được đổ vỡ hôn nhân, thì Quang Dũng lại thấy quan hệ giữa mình và vợ cũ chưa thể "bình thường hóa".Nam ca sĩ dòng nhạc trữ tình chia sẻ, từ lâu anh không còn mơ mộng gì về tình yêu lứa đôi. Trong khi Jennifer Phạm tuyên bố đã vượt qua được đổ vỡ hôn nhân, thì Quang Dũng lại thấy quan hệ giữa mình và vợ cũ chưa thể "bình thường hóa".Nam ca sĩ dòng nhạc trữ tình chia sẻ, từ lâu anh không còn mơ mộng gì về tình yêu lứa đôi. Trong khi Jennifer Phạm tuyên bố đã vượt qua được đổ vỡ hôn nhân, thì Quang Dũng lại thấy quan hệ giữa mình và vợ cũ chưa thể "bình thường hóa".Nam ca sĩ dòng nhạc trữ tình chia sẻ, từ lâu anh không còn mơ mộng gì về tình yêu lứa đôi. Trong khi Jennifer Phạm tuyên bố đã vượt qua được đổ vỡ hôn nhân, thì Quang Dũng lại thấy quan hệ giữa mình và vợ cũ chưa thể "bình thường hóa".', 'vnExpress', 'quang-dung-set-top-4.jpg', 'active', 181, '2012-02-09 00:00:00', NULL, NULL, '2012-02-09 00:00:00', NULL, NULL, NULL, NULL, NULL, 1, 3, 1, 0, NULL);

-- --------------------------------------------------------

--
-- Table structure for table `news_parameter`
--

CREATE TABLE IF NOT EXISTS `news_parameter` (
  `id` int(11) NOT NULL AUTO_INCREMENT,
  `key` varchar(200) DEFAULT NULL,
  `value` int(11) DEFAULT NULL,
  PRIMARY KEY (`id`)
) ENGINE=InnoDB  DEFAULT CHARSET=utf8 AUTO_INCREMENT=4 ;

--
-- Dumping data for table `news_parameter`
--

INSERT INTO `news_parameter` (`id`, `key`, `value`) VALUES
(1, 'category1', 4),
(2, 'category2', 1),
(3, 'category3', 2);

-- --------------------------------------------------------

--
-- Table structure for table `page`
--

CREATE TABLE IF NOT EXISTS `page` (
  `page_id` smallint(6) unsigned NOT NULL AUTO_INCREMENT,
  `name` varchar(255) NOT NULL,
  `description` text NOT NULL,
  `content` text NOT NULL,
  `parent_id` int(11) DEFAULT '0',
  `num_views` int(11) DEFAULT NULL,
  `created_date` datetime DEFAULT NULL,
  `modified_date` datetime DEFAULT NULL,
  `user_id` int(11) DEFAULT NULL,
  `language` varchar(10) DEFAULT NULL,
  PRIMARY KEY (`page_id`),
  KEY `idx_language` (`language`)
) ENGINE=InnoDB  DEFAULT CHARSET=utf8 AUTO_INCREMENT=2 ;

--
-- Dumping data for table `page`
--

INSERT INTO `page` (`page_id`, `name`, `description`, `content`, `parent_id`, `num_views`, `created_date`, `modified_date`, `user_id`, `language`) VALUES
(1, 'ABC', 'XYZ', 'TVU', 0, 0, '2011-11-03 19:26:38', NULL, 1, 'en_US');

-- --------------------------------------------------------

--
-- Table structure for table `privilege`
--

CREATE TABLE IF NOT EXISTS `privilege` (
  `privilege_id` int(100) NOT NULL,
  `action_name` varchar(150) NOT NULL,
  `description` varchar(200) NOT NULL,
  `module_name` varchar(50) NOT NULL,
  `controller_name` varchar(50) NOT NULL,
  `isDeleted` tinyint(1) NOT NULL,
  PRIMARY KEY (`privilege_id`)
) ENGINE=InnoDB DEFAULT CHARSET=latin1;

--
-- Dumping data for table `privilege`
--

INSERT INTO `privilege` (`privilege_id`, `action_name`, `description`, `module_name`, `controller_name`, `isDeleted`) VALUES
(1, 'add', 'Add a page', 'admin', 'page', 0),
(2, 'edit', 'Edit a page', 'admin', 'page', 1),
(3, 'delete', 'Delete a page', 'admin', 'page', 0),
(4, 'list', 'View page list', 'admin', 'page', 1),
(5, 'add', 'Add a module', 'admin', 'module', 0),
(6, 'add', 'Add a banner', 'ad', 'banner', 0),
(7, 'delete', 'Delete a banner', 'ad', 'banner', 0),
(8, 'list', 'View banner list', 'ad', 'banner', 0),
(9, 'delete', 'Delete a comment', 'comment', 'comment', 0),
(10, 'edit', 'Edit a comment', 'comment', 'comment', 1),
(11, 'add', 'Add new acticle', 'news', 'add', 0),
(12, 'delete', 'Delete acticle', 'news', 'delete', 0),
(13, 'edit', 'Edit acticle', 'news', 'edit', 0),
(14, 'list', 'View role', 'admin', 'role', 0);

-- --------------------------------------------------------

--
-- Table structure for table `rule`
--

CREATE TABLE IF NOT EXISTS `rule` (
  `rule_id` int(100) NOT NULL AUTO_INCREMENT,
  `object_id` int(100) NOT NULL,
  `object_type` varchar(150) NOT NULL,
  `privilege_id` int(100) NOT NULL,
  `allow` tinyint(1) NOT NULL,
  PRIMARY KEY (`rule_id`)
) ENGINE=InnoDB  DEFAULT CHARSET=latin1 AUTO_INCREMENT=110 ;

--
-- Dumping data for table `rule`
--

INSERT INTO `rule` (`rule_id`, `object_id`, `object_type`, `privilege_id`, `allow`) VALUES
(106, 22, 'role', 5, 1),
(107, 24, 'role', 14, 1),
(109, 90, 'user', 5, 1);

-- --------------------------------------------------------

--
-- Table structure for table `user`
--

CREATE TABLE IF NOT EXISTS `user` (
  `id` int(11) NOT NULL,
  `name` varchar(250) NOT NULL,
  PRIMARY KEY (`id`)
) ENGINE=InnoDB DEFAULT CHARSET=latin1;

--
-- Dumping data for table `user`
--

